timeline_id,emperor_id,year,reign_year,event,status,source_refs,claim_ids
TL-TZ-007,QH-E-10,1861,咸丰十一年十月,命恭亲王为议政王；诏改祺祥为同治；议上垂帘章程,S二手转述,IDX-050,QH-A-TZ-0020；QH-A-TZ-0021；QH-A-TZ-0022
TL-TZ-008,QH-E-10,1862,同治元年,治平宝鉴书成；总理衙门请设同文馆允之,S二手转述,IDX-050,QH-A-TZ-0023；QH-A-TZ-0024
TL-TZ-009,QH-E-10,1865,同治四年,恭亲王罢军机撤议政；四月仍直军机毋复议政；上海设机器局,S二手转述,IDX-050,QH-A-TZ-0025；QH-A-TZ-0026；QH-A-TZ-0027
TL-TZ-010,QH-E-10,1866,同治五年,沈葆桢总司福建船政；定船政章程,S二手转述,IDX-050,QH-A-TZ-0028；QH-A-TZ-0029
TL-TZ-011,QH-E-10,1867,同治六年,徐继畬管新设同文馆,S二手转述,IDX-050,QH-A-TZ-0030
TL-TZ-012,QH-E-10,1870,同治九年,自强谕；天津制造局成；裁三口通商大臣,S二手转述,IDX-050,QH-A-TZ-0031；QH-A-TZ-0032；QH-A-TZ-0033
TL-TZ-013,QH-E-10,1872,同治十一年,册立皇后阿鲁特氏；李鸿章奏设招商局,S二手转述,IDX-050,QH-A-TZ-0034；QH-A-TZ-0035
TL-TZ-014,QH-E-10,1873,同治十二年十月,沈淮请缓修圆明园；谕仅治安佑宫,S二手转述,IDX-050,QH-A-TZ-0036
TL-TZ-015,QH-E-10,1874,同治十三年七月至八月,停修圆明园；恭亲王失仪降郡王；懿旨复亲王；李光昭论斩,S二手转述,IDX-050,QH-A-TZ-0037；QH-A-TZ-0038；QH-A-TZ-0039；QH-A-TZ-0048
TL-TZ-016,QH-E-10,1874,同治十三年十月至十一月,上不豫；李鸿藻代阅；恭亲王代缮清文批答；奏牍呈两宫,S二手转述,IDX-050,QH-A-TZ-0040；QH-A-TZ-0041；QH-A-TZ-0042
TL-TZ-017,QH-E-10,1875,光绪元年二月,皇后阿鲁特氏崩,S二手转述,IDX-TZ-01,QH-A-TZ-0044
TL-TZ-018,QH-E-10,1879,光绪五年三月,葬惠陵；孝哲合葬,S二手转述,IDX-050；IDX-TZ-01,QH-A-TZ-0046
