chapter_id,slug,person_id,era,title,lede,file,unit_ids,related,sort,收录
QH-CH-SZ-01,shunzhi-01,QH-P-000053,顺治,六岁即位，翌年改元后入关,1643年福临在盛京即位并定翌年改元顺治；1644年入北京后再次行登极礼。幼年由济尔哈朗、多尔衮辅政；七年十二月多尔衮薨后先追尊成宗，八年二月暴罪削号。,emperors/shunzhi/01-entering-the-pass.md,QH-SU-SZ-QSG-0004A；QH-SU-SZ-QSG-0004B；QH-SU-SZ-QSG-0004C；QH-SU-SZ-QSG-0005A；QH-SU-SZ-QSG-0005B；QH-SU-SZ-QSG-0004D；QH-SU-SZ-QSG-0004E；QH-SU-SZ-0004FR1；QH-SU-SZ-0004KR1；QH-SU-SZ-0005CR1；QH-SU-SZ-0005DR1,#/site/QH-ST-0008；#/lane/QH-L-0010；#/lane/QH-L-0012；#/image/QH-V-E03C；#/hands,3,是
QH-CH-SZ-02,shunzhi-02,QH-P-000053,顺治,御制与文治,已开资政要览三十章开端、圣训两序、世祖实录成书条。人臣儆心录只开四库总目；劝善要言正文未开。,emperors/shunzhi/02-shunzhi-scholarship.md,QH-SU-KX-QSG-0006C；QH-SU-SZ-ZZYL-0001A；QH-SU-SZ-SX-0001A；QH-SU-SZ-SKTY-0079AR1,#/works；#/chapter/shunzhi-01；#/lane/QH-L-0010,8,是
QH-CH-SZ-03,shunzhi-03,QH-P-000053,顺治,顺治年表：1643—1661,按本纪干支展开即位、入关、剃发、南明、亲政、追罪、董鄂、崩逝。出家说不作事实。,emperors/shunzhi/03-reign-timeline.md,QH-SU-SZ-QSG-0004A；QH-SU-SZ-QSG-0004B；QH-SU-SZ-QSG-0004C；QH-SU-SZ-QSG-0004D；QH-SU-SZ-QSG-0004E；QH-SU-SZ-QSG-0005A；QH-SU-SZ-QSG-0005B,#/chapter/shunzhi-01；#/site/QH-ST-0018,9,否
QH-CH-SZ-04,shunzhi-04,QH-P-000053,顺治,后妃时态：废后、孝惠、董鄂、孝康,废后十年降静妃；孝惠十一年六月册后；董鄂十三年十二月皇贵妃、十七年追封皇后；孝康生前是妃。董鄂妃不是董小宛。,emperors/shunzhi/04-consorts.md,QH-SU-SZ-0214AR1；QH-SU-SZ-0214BR1；QH-SU-SZ-0214CR1；QH-SU-SZ-0214DR1；QH-SU-SZ-0005FR1,#/person/QH-P-000022；#/lane/QH-L-0010,21,是
QH-CH-SZ-05,shunzhi-05,QH-P-000053,顺治,皇子皇女表,卷163缺第三子玄烨。牛钮／钮钮、常颖／常宁两说并存。皇女六人仅第二女受封。,emperors/shunzhi/05-prince-table.md,QH-SU-SZ-0163AR1；QH-SU-SZ-0163BR1；QH-SU-SZ-0163CR1；QH-SU-SZ-0166AR1,#/person/QH-P-000156；#/chapter/kangxi-01,22,是
QH-CH-SZ-06,shunzhi-06,QH-P-000053,顺治,庙谥、年号、孝陵与遗诏,庙号世祖、谥章皇帝是崩后才上。本纪录遗诏立玄烨、命四辅臣。满汉原件未见。葬孝陵。,emperors/shunzhi/06-temple-name-xiaoling-testament.md,QH-SU-SZ-QSG-0005B；QH-SU-SZ-0005HR1；QH-SU-SZ-0005IR1,#/site/QH-ST-0023；#/lane/QH-L-0010；#/chapter/kangxi-01,23,是
QH-CH-SZ-07,shunzhi-07,QH-P-000053,顺治,剃发、逃人、圈地,逃人元年九月、薙发二年六月军法、圈地二年蠲赋四年罢圈。元年入关当日薙发与二年军法不是一条。,emperors/shunzhi/07-queue-fugitive-enclosure.md,QH-SU-SZ-QSG-0004D；QH-SU-SZ-QSG-0004E；QH-SU-SZ-0004IR1；QH-SU-SZ-0004JR1；QH-SU-SZ-0218AR1,#/site/QH-ST-0018；#/site/QH-ST-0024,24,是
QH-CH-SZ-08,shunzhi-08,QH-P-000053,顺治,南明与郑氏,本纪分记福王弘光、唐王、鲁王、桂王与郑成功。扬州十日是后出用语。,emperors/shunzhi/08-southern-ming-zheng.md,QH-SU-SZ-QSG-0004B；QH-SU-SZ-0004LR1,#/site/QH-ST-0018；#/site/QH-ST-0024,25,是
QH-CH-SZ-09,shunzhi-09,QH-P-000053,顺治,礼佛、出家说、汤若望,本纪无出家句。行状有禅学。十年赐汤若望通玄教师。出家说三层保存。,emperors/shunzhi/09-buddhism-and-western-learning.md,QH-SU-SZ-QSG-0005B；QH-SU-SZ-0005ER1；QH-SU-SZ-0214CR1；QH-SU-SZ-MS-0001AR1,#/lane/QH-L-0010；#/person/QH-P-000172,26,是
QH-CH-SZ-10,shunzhi-10,QH-P-000053,顺治,画像、令旨、器用与遗址,已核绿色朝服像与多尔衮令旨。令旨不是朱批。遗址：山海关、孝陵、扬州祠。,emperors/shunzhi/10-portraits-objects-sites.md,QH-SU-SZ-QSG-0004B；QH-SU-SZ-QSG-0005B,#/image/QH-V-E03；#/image/QH-V-E03C；#/site/QH-ST-0008；#/site/QH-ST-0023；#/site/QH-ST-0018,27,是
QH-CH-SZ-11,shunzhi-11,QH-P-000053,顺治,辅政、四辅臣与宫廷近人,辅政是济尔哈朗与多尔衮。孝庄是皇太后不是摄政王。四辅臣出在遗诏，效力在康熙朝。,emperors/shunzhi/11-people-network.md,QH-SU-SZ-0005HR1,#/chapter/shunzhi-01；#/chapter/shunzhi-06；#/chapter/kangxi-19,28,否
