person_id,表序,表序标签,收录状态,规范名,公主表用名,异名,父亲ID,生母人物ID,生母候选名,生母来源,封号摘要,下嫁摘要,生薨摘要,额驸事略,证据状态,冲突组 ID,排序键,备注
QH-P-SZ-PROP-0011,1,世祖第一女,未封,世祖第一女（未封）,世祖第一女,,QH-P-000053,,庶妃陈氏,卷166第一女行,未封,,順治九年三月生，十年十月殤,,E1单源回查,,01,与第五子常宁同母候选。
QH-P-SZ-PROP-0012,2,世祖第二女,入序受封,恭悫长公主,世祖第二女,和硕公主,QH-P-000053,,庶妃杨氏,卷166第二女行,初封和硕公主。康熙间晋封恭悫长公主,康熙六年二月下嫁讷尔杜,順治十年十二月生，康熙二十四年十月薨，年三十三,訥爾杜，瓜爾佳氏。以從父鰲拜得罪，坐奪官。,E1单源回查,,02,后妃传作纳尔杜。
QH-P-SZ-PROP-0013,3,世祖第三女,未封,世祖第三女（未封）,世祖第三女,,QH-P-000053,,庶妃巴氏,卷166第三女行,未封,,順治十年十二月生，十五年三月殤,,E1单源回查,,03,
QH-P-SZ-PROP-0014,4,世祖第四女,未封,世祖第四女（未封）,世祖第四女,,QH-P-000053,,庶妃乌苏氏,卷166第四女行,未封,,順治十一年十二月生，十八年三月殤,,E1单源回查,,04,
QH-P-SZ-PROP-0015,5,世祖第五女,未封,世祖第五女（未封）,世祖第五女,,QH-P-000053,,庶妃王氏,卷166第五女行,未封,,順治十一年十二月生，十七年十二月殤,,E1单源回查,,05,后妃传有子女八人名单未单列王氏此女，对读待核。
QH-P-SZ-PROP-0016,6,世祖第六女,未封,世祖第六女（未封）,世祖第六女,,QH-P-000053,,庶妃那喇氏,卷166第六女行,未封,,順治十一年十二月生。十八年二月殤,,E1单源回查,,06,
QH-P-SZ-PROP-0017,,抚兄硕塞第二女,抚育附列,和硕公主（硕塞女）,世祖抚兄承泽亲王硕塞第二女,,（生父硕塞；抚育世祖）,,"承泽亲王硕塞",卷166抚育行,和硕公主,顺治十七年六月下嫁尚之隆,順治五年八月生，康熙三十年十一月薨，年四十四,尚之隆，平南亲王可喜子。,E1单源回查,,91,不是亲生。
QH-P-SZ-PROP-0018,,抚从兄济度第二女,抚育附列,端敏公主,世祖抚从兄简亲王济度第二女,固伦端敏公主,（生父济度；抚育世祖）,,"简亲王济度",卷166抚育行,初封和硕端敏公主。雍正元年晋固伦端敏公主,康熙九年九月下嫁班第,順治十年六月生，雍正七年五月薨，年七十七,班第，博尔济吉特氏，袭科尔沁达尔汉亲王。,E1单源回查,,92,追进在雍正朝。
QH-P-SZ-PROP-0019,,抚从兄岳乐第二女,抚育附列,和硕柔嘉公主,世祖抚从兄安郡王岳乐第二女,,（生父岳乐；抚育世祖）,,"安郡王岳乐",卷166抚育行,和硕柔嘉公主,康熙二年十一月下嫁耿聚忠,順治九年五月生，十二年七月薨，年二十二,耿聚忠，靖南王耿继茂子。,E1单源回查,,93,生薨「十二年」是康熙十二年。
