place_id,site_id,名称,类型,已有史迹行,相关皇帝ID,证据状态,待核问题
QH-PL-0001,QH-ST-0006,沈阳故宫,宫苑,是,QH-E-01；QH-E-02,S二手索引,大政殿、十王亭与崇政殿的营建条次；与北京故宫的制度差别
QH-PL-0002,QH-ST-0010,木兰围场,巡幸地,是,QH-E-04；QH-E-06；QH-E-07,S二手索引,康熙二十年设围的实录条次；围场四至与今日县界；同治开围上谕
QH-PL-0003,QH-ST-0013,畅春园,宫苑,是,QH-E-04；QH-E-06,S二手索引,清溪书屋在园中的位置；恩佑寺、恩慕寺山门与寝宫的距离
QH-PL-0004,QH-ST-0019,天宁寺行宫,行宫,是,QH-E-04,S二手索引,康熙各次南巡驻天宁寺的实录条次；行宫与寺院的范围
QH-PL-0005,QH-ST-0005,热河行宫,行宫,是,QH-E-04；QH-E-06；QH-E-09,S二手索引,《咸丰实录》北走与驻跸条次；烟波致爽殿作为崩逝地点的原文
QH-PL-0006,QH-ST-0048,咸安宫与胤礽圈禁,宫苑,是,QH-E-04；QH-E-05,S二手索引,康熙五十一年十一月幽禁上谕；雍正二年理密亲王薨逝实录
QH-PL-0007,QH-ST-0035,养心殿,宫苑,是,QH-E-04；QH-E-05；QH-E-06；QH-E-08；QH-E-09；QH-E-10；QH-E-11；QH-E-12,S二手索引,
QH-PL-0008,QH-ST-0036,九州清晏,宫苑,是,QH-E-05；QH-E-06；QH-E-08；QH-E-09,S二手索引,
QH-PL-0009,QH-ST-0042,军机处值房,衙署,是,QH-E-05；QH-E-06；QH-E-07；QH-E-08；QH-E-09；QH-E-10；QH-E-11,S二手索引,雍正七年设军需房实录条次；乾隆元年恢复军机处上谕
QH-PL-0010,QH-ST-0004,圆明园被焚掠,宫苑,是,QH-E-04；QH-E-06；QH-E-09,S二手索引,焚园逐日记录与《咸丰实录》对应；西洋楼与九州景区的分别
QH-PL-0011,QH-ST-0037,烟波致爽殿,行宫,是,QH-E-09,S二手索引,
QH-PL-0012,QH-ST-0038,瀛台,宫苑,是,QH-E-11,S二手索引,
QH-PL-0013,QH-ST-0027,伪满皇宫,非清朝宫苑,是,QH-E-12,S二手索引,具体摄影者与日期待核
QH-PL-0014,,北京故宫（紫禁城总点）,宫苑,否,,U待核,只有养心殿/军机处/咸安宫分点，无总点。提案不填经纬度，不造 Commons 链接。
QH-PL-0015,,避暑山庄（与热河行宫是否分立）,行宫,否,,U待核,QH-ST-0005 已用热河行宫；名称未立避暑山庄主条。提案不填经纬度，不造 Commons 链接。
QH-PL-0016,,静宜园,宫苑,否,,U待核,无行。提案不填经纬度，不造 Commons 链接。
QH-PL-0017,,静明园,宫苑,否,,U待核,无行。提案不填经纬度，不造 Commons 链接。
QH-PL-0018,,西苑/三海,宫苑,否,,U待核,瀛台已有；西苑总点无。提案不填经纬度，不造 Commons 链接。
QH-PL-0019,,南苑,行宫,否,,U待核,无行。提案不填经纬度，不造 Commons 链接。
QH-PL-0020,,畅春园遗址精度,宫苑,否,,U待核,已有行；地面遗存与崩地分层仍待核。提案不填经纬度，不造 Commons 链接。
