family_id,名称,derives_from,独立性说明
QH-SF-QSL-NH,太祖高皇帝实录（官修实录家族）,,前三朝重修。imperial-works QH-W-001。不得预称已取证。
QH-SF-QSL-HT,太宗文皇帝实录（官修实录家族）,,QH-W-004。天聪/崇德纪年体制不同。
QH-SF-QSL-SZ,世祖章皇帝实录（官修实录家族）,,QH-W-006。对多尔衮叙述有后世修订层。
QH-SF-QSL-DG,宣宗成皇帝实录（官修实录家族）,,QH-W-039。已钉卷一、卷476，其余不得预称。
QH-SF-QSL-XF,文宗显皇帝实录（官修实录家族）,,QH-W-043。目前只钉进呈序。
QH-SF-QSL-TZ,穆宗毅皇帝实录（官修实录家族）,,QH-W-047。尚未打开到本家族。
QH-SF-QSL-GX,德宗景皇帝实录（官修实录家族）,,QH-W-051。成书在民国，编纂环境与清代诸实录不同。
QH-SF-XTZJ,宣统政纪（政书家族）,,QH-W-053。不是宣统帝实录。
QH-SF-MZSL,满洲实录（乾隆重绘三体图说）,,QH-W-002。与太祖实录家族分层。
QH-SF-MLD,满文老档／旧满洲档,,QH-W-065。乾隆重抄本不是天命原档。
QH-SF-QJZ,起居注出版本家族,,QH-W-056–064。替代层；与各朝实录无派生等同。
