Assertion ID,reign,主张类型,主体 ID,谓词/关系,客体 ID 或值,原始时间表达,公历下界,公历上界,公历说明,确定性,状态,来源实体 ID,卷页/档号/图像定位,支持引文,冲突组 ID,编辑备注
QH-A-XT-0016,xuantong,事件发生,QH-P-000059,accession_occurred,入承大统为嗣皇帝嗣穆宗兼承德宗之祧,光绪三十四年十月癸酉,1908-11-14,1908-11-15,,约略,审核中,QH-SU-XT-QSG-0025E,卷25；光绪三十四年十月癸酉,入承大統，為嗣皇帝，嗣穆宗，兼承大行皇帝之祧，時年三歲。,,礼法兼祧。政治前任是刚崩的德宗。不得写成三岁本人决策。公历上下界待按 CAL-001 核录。
QH-A-XT-0017,xuantong,任命或授予,QH-P-000059,regency_established,载沣监国摄政王,光绪三十四年十月癸酉,1908-11-14,1908-11-15,,约略,审核中,QH-SU-XT-QSG-0025E,卷25；光绪三十四年十月癸酉,軍國機務，中外章奏，悉取攝政王處分，稱詔行之，大事並請皇太后懿旨。,,载沣人物 ID 待分配。称诏行之不是幼帝朱批。
QH-A-XT-0018,xuantong,文字或数值陈述,QH-P-000059,reported_in_edict,自朕以下一体服从监国摄政王裁定,光绪三十四年十月己卯,1908-11-20,1908-11-21,,约略,审核中,QH-SU-XT-QSG-0025F,卷25；光绪三十四年十月己卯,軍國政事，由監國攝政王裁定，為大行太皇太后懿旨。自朕以下，一體服從。,,决策空间句。不得写成溥仪政治宣言。
QH-A-XT-0019,xuantong,事件发生,QH-P-000058,tomb_designated,西陵金龙峪崇陵,光绪三十四年十二月乙丑,1908-12-01,1909-01-31,,约略,审核中,QH-SU-XT-QSG-0025G,卷25；光绪三十四年十二月乙丑,詔定西陵金龍峪為德宗景皇帝山陵，稱曰崇陵。,,宣统朝办的是前一帝的陵。金龙峪与卷86兴隆峪异名待核。
QH-A-XT-0020,xuantong,事件发生,QH-P-000058,tomb_construction_started,修崇陵,宣统元年闰二月丁酉,1909-03-01,1909-04-30,,约略,审核中,QH-SU-XT-QSG-0025H,卷25；宣统元年闰二月丁酉,修崇陵。,,只证本纪有修崇陵句。工成与奉安另核。
QH-A-XT-0021,xuantong,制度陈述,QH-P-000059,office_abolished,批本处归内阁,宣统三年四月戊寅,1911-04-01,1911-05-31,,约略,审核中,QH-SU-XT-QSG-0025I,卷25；宣统三年四月戊寅,罷憲政編查館、吏部、中書科、稽察欽奉上諭事件處、批本處，俱歸其事於內閣。,,无典型朱批的制度锚。公历月日待按 CAL-001 核录。
QH-A-XT-0022,xuantong,事件发生,QH-P-000059,regency_ended,载沣缴监国摄政王章退归藩邸,宣统三年十月庚戌,1911-11-01,1911-12-31,,约略,审核中,QH-SU-XT-QSG-0025J,卷25；宣统三年十月庚戌,繳監國攝政王章，退歸藩邸。,,摄政结束不是清帝退位。公历待按 CAL-001 核录。
QH-A-XT-0023,xuantong,制度陈述,QH-P-000057,buried_at,惠陵（对照：穆宗）,光绪五年三月庚午,1879-04-01,1879-04-30,,约略,审核中,QH-SU-XT-QSG-0022A,卷22；光绪五年三月庚午,五年三月庚午，葬惠陵。,,对照用。不得写成溥仪葬惠陵。QH-P-000057 为载淳。
QH-A-XT-0024,xuantong,制度陈述,QH-P-000059,tomb_sequence,入关东西陵名单止于惠陵并另补崇陵,制度总述,1730-01-01,1912-02-12,,约略,审核中,QH-SU-XT-QSG-0086A,卷86,凡孝陵、景陵以下……穆宗惠陵，並在直隸易、遵化二州，稱東西陵……宣統初，德宗葬興隆峪，號崇陵。,,名单无宣统陵。溥仪未入关陵。冲突组 QH-CF-XT-TOMB 只登记判断，不绑单条主张，以免导入时不足两条互斥。
QH-A-XT-0025,xuantong,文字或数值陈述,QH-P-000059,reported_in_treaty,优待条件第三款暂居宫禁日后移居颐和园,宣统三年十二月二十五日,1912-02-12,1912-02-12,,约略,审核中,QH-SU-XT-YD-0001A,甲款第三,大清皇帝辭位之後，暫居宮禁，日後移居頤和園,,契约履行段。不是连续在位。
QH-A-XT-0026,xuantong,文字或数值陈述,QH-P-000059,reported_in_treaty,优待条件第七款原有私产由民国特别保护,宣统三年十二月二十五日,1912-02-12,1912-02-12,,约略,审核中,QH-SU-XT-YD-0001A,甲款第七,其原有之私產，由中華民國特別保護。,,不定义宫中文物尽属私产。
QH-A-XT-0027,xuantong,事件发生,QH-P-000059,expelled_from_palace,修正条件要求即日移出宫禁,民国十三年十一月四日,1924-11-04,1924-11-05,,约略,审核中,QH-SU-XT-YD-0002A,故宫说明页,清室应该按照原优待条件第三条，即日移出宫禁。,,馆方叙述。公报全文待核。出宫日通行作5日。
QH-A-XT-0028,xuantong,事件发生,QH-P-000059,committee_established,清室善后委员会清理公产私产,民国十三年十一月七日,1924-11-07,1924-11-07,,约略,审核中,QH-SU-XT-SHWY-0001A,故宫词条,着国务院组织善后委员会，会同清室近支人员，协同清理公产、私产,,后出馆方。点查报告未拆件号。
