person_id,序号,分组,规范名,常用名或异名,人物类型,优先级,选择理由,核心待核主张,首要史料入口,wikidata_qid,cbdb_id,ctext_entity
QH-P-000201,201,皇太后后妃生母抚养者配偶,叶赫那拉氏（孝慈高皇后）,那拉氏；孝慈；叶赫部长杨吉砮女,后妃（追谥皇后）,P1,太宗生母；戊子来归、癸卯崩、三迁葬福陵,当时称福晋不是皇后；迁葬三站实录日页；玉牒未见,《清史稿》卷214；《太祖实录》康熙本,,,
QH-P-000202,202,皇太后后妃生母抚养者配偶,佟佳氏（太祖元妃）,元妃佟佳氏,后妃,P1,褚英、代善生母候选,归太祖最早的直接证据起止；女下嫁何和礼,《清史稿》卷214；卷216,,,
QH-P-000203,203,皇太后后妃生母抚养者配偶,富察氏（太祖继妃）,继妃富察氏,后妃,P1,莽古尔泰、德格类生母候选,天命五年「得罪死」情节与老档是否对应,《清史稿》卷214,,,
QH-P-000204,204,皇太后后妃生母抚养者配偶,乌拉纳喇氏（太祖大妃）,大妃；满泰女；一度谥孝烈,后妃,P1,阿济格、多尔衮、多铎生母；辛亥殉,殉是否被迫；顺治七年上谥八年罢谥诏原文,《清史稿》卷214；《太祖实录》康熙本卷10,,,
QH-P-000205,205,皇太后后妃生母抚养者配偶,博尔济吉特氏（寿康太妃）,寿康太妃；孔果尔女,后妃,P2,太祖诸妃中最老寿,康熙四年薨的实录条；有无子女,《清史稿》卷214,,,
QH-P-000206,206,皇帝皇子皇孙公主,爱新觉罗·褚英,广略贝勒；洪巴图鲁；阿尔哈图土门,皇子,P1,长子；死法三说,自缢／赐死／死于禁所；乙卯幽禁过程,《清史稿》卷1；卷162；卷216,,,
QH-P-000207,207,皇帝皇子皇孙公主,爱新觉罗·代善,礼亲王；大贝勒；古英巴图鲁,皇子,P1,天命元年大贝勒,封爵年谱未逐条回；与四大贝勒执政边界,《清史稿》卷1；卷216,,,
QH-P-000208,208,皇帝皇子皇孙公主,爱新觉罗·莽古尔泰,三贝勒,皇子,P2,继妃富察氏出；四大贝勒之一,后事在皇太极朝，本朝只登记生母与贝勒号,《清史稿》卷1；卷214；卷216,,,
QH-P-000209,209,皇帝皇子皇孙公主,爱新觉罗·阿济格,英亲王,皇子,P2,大妃所出三子之一,本朝只登记生母；后事跨天聪顺治,《清史稿》卷214；卷216,,,
QH-P-000210,210,皇帝皇子皇孙公主,爱新觉罗·多尔衮,睿亲王；墨尔根戴青,皇子,P1,大妃所出；摄政与大妃谥号进退,本朝只登记生母与辛亥殉同条；摄政层另朝,《清史稿》卷214；卷216,,,
QH-P-000211,211,皇帝皇子皇孙公主,爱新觉罗·多铎,豫亲王；额尔克楚虎尔,皇子,P2,大妃所出三子之一,本朝只登记生母,《清史稿》卷214；卷216,,,
QH-P-000212,212,皇帝皇子皇孙公主,爱新觉罗·舒尔哈齐,庄亲王（追封）,皇弟,P1,显祖子；阿敏之父；辛亥卒,移居黑扯木与二子被诛条次；不在十六子之列,《清史稿》卷215,,,
QH-P-000213,213,皇帝皇子皇孙公主,爱新觉罗·塔克世,显祖宣皇帝,皇父（追尊）,P1,太祖之父；古勒城之役遇难,遇难情节与尼堪外兰、李成梁分层,《清史稿》卷1；《满洲实录》卷一,,,
QH-P-000214,214,皇太后后妃生母抚养者配偶,喜塔腊氏（显祖宣皇后）,喜塔喇氏；宣皇后；阿古女,显祖嫡妃,P1,太祖生母,己巳崩年；与继妃纳喇氏遇太祖寡恩条分层,《清史稿》卷214,,,
QH-P-000215,215,皇帝皇子皇孙公主,爱新觉罗·阿敏,二贝勒,皇弟子,P2,舒尔哈齐子；四大贝勒之二,本朝只登记序次；后事在天聪,《清史稿》卷1；卷215,,,
