index_id,emperor_id,资源名称,资源类型,卷次或范围,访问网址,证据用途,再利用策略,核查日期,状态,open_state
IDX-115,QH-E-11,维基文库《清史稿》卷23新开条,公版后出本纪,亲政择日、园工、立后、大婚、归政、醇亲王薨、蕆工,https://zh.wikisource.org/wiki/清史稿/卷23,补亲政三层与园居年表,短引；不作终审,2026-09-12,已拆短引,L2
IDX-116,QH-E-11,维基文库《清史稿》卷24新开条,公版后出本纪,定国是至葬崇陵,https://zh.wikisource.org/wiki/清史稿/卷24,戊戌、辛丑、新政、兼祧,短引；不作终审,2026-09-12,已拆短引,L2
IDX-117,QH-E-11,维基文库《清史稿》卷214德宗后妃与孝钦园居,公版后出列传,孝定、端康、恪顺、清漪园、瀛台,https://zh.wikisource.org/wiki/清史稿/卷214,后妃时态与园居口径,短引；不作终审,2026-09-12,已拆短引,L2
IDX-118,QH-E-11,《光绪朝朱批奏折》120册,已刊档案汇编,光绪元年至三十四年汉文折,https://book.douban.com/subject/23256907/,朱批五层入口,书目；不镜像,2026-09-12,入口已登记,L0
IDX-119,QH-E-11,《光绪帝起居注》16册本,已刊档案影印,广西师大2007,https://book.douban.com/subject/3509657/,与联经80卷本对读,书目；不拆原文,2026-09-12,入口已登记,L0
IDX-161,QH-E-11,故宫·珍妃井说明页,馆方说明,贞顺门内,https://www.dpm.org.cn/explore/building/236447.html,今地定位,只保存摘要与短引,2026-09-12,已打开,L1
IDX-162,QH-E-11,Commons Consort Zhen Well.jpg,现代实景,2008-06-08,https://commons.wikimedia.org/wiki/File:Consort_Zhen_Well.jpg,今地井口,公版声明；不证推入,2026-09-12,已打开,L1
IDX-163,QH-E-11,茅海建《戊戌变法史事考》,今人专题史,三联书店2005,https://book.douban.com/subject/1289247/,戊戌档案考订书目,不入库全文,2026-09-12,书目已登记,L0
IDX-164,QH-E-11,《清史研究》2008年第4期光绪死因工作报告,现代检测,第1—12页,https://qsyj.ruc.edu.cn/CN/Y2008/V0/I4/1,砷中毒检测层,外链；不镜像,2026-09-12,入口已登记,L1
