event_id,person_id,当时称号,事件类型,原纪年,公历下界,公历上界,来源单元,引文,回查状态,冲突组 ID,主张 ID,排序键,备注
QH-TE-XF-01,CAND-XF-XIAODE,嫡福晋,册封,道光二十七年,1847-02-15,1848-02-04,QH-SU-XF-QSG-0214A,文宗為皇子，道光二十七年，宣宗冊后為嫡福晉。,S二手转述,,QH-A-XF-0046,1847,不是皇后。公历只到年。
QH-TE-XF-02,CAND-XF-XIAODE,嫡福晋,崩逝,道光二十九年十二月乙亥,1850-01-01,1850-02-11,QH-SU-XF-QSG-0214A,二十九年十二月乙亥，薨。,S二手转述,,,1850-01,干支公历待按 CAL-001 核录。
QH-TE-XF-03,CAND-XF-XIAODE,孝德皇后,初谥,文宗即位,1850-01-01,1850-12-31,QH-SU-XF-QSG-0214A,文宗即位，追冊諡曰孝德皇后。,S二手转述,,QH-A-XF-0046,1850-02,追册。一天皇后也没当过。
QH-TE-XF-04,CAND-XF-XIAODE,孝德皇后,安葬,同治四年九月（本纪）；后妃传说同治初移静安庄旋葬定陵,1865-01-01,1865-12-31,QH-SU-XF-QSG-0020X,同治四年九月，葬定陵。,S二手转述,,QH-A-XF-0044,1865-09,本纪葬定陵是文宗；孝德配葬名单须回陵图，本行不升格。
QH-TE-XF-05,QH-P-000166,贞嫔,册封,咸丰二年,1852-01-01,1852-12-31,QH-SU-XF-QSG-0214B,咸豐二年，封貞嬪，進貞貴妃。立為皇后。,S二手转述,,QH-A-XF-0047,1852-01,后妃传同年三步未拆日。
QH-TE-XF-06,QH-P-000166,皇后,册立,咸丰二年六月丁亥,1852-01-01,1852-12-31,QH-SU-XF-QSG-0020O,丁亥，策立皇后鈕祜祿氏。,S二手转述,,QH-A-XF-0033,1852-06,本纪有干支。
QH-TE-XF-07,QH-P-000165,懿贵人,册封,咸丰元年,1851-01-01,1851-12-31,QH-SU-XF-QSG-0214C,咸豐元年，后被選入宮，號懿貴人。,S二手转述,,QH-A-XF-0048,1851,不是太后。
QH-TE-XF-08,QH-P-000165,懿嫔,晋封,咸丰四年,1854-01-01,1854-12-31,QH-SU-XF-QSG-0214C,四年，封懿嬪。,S二手转述,,QH-A-XF-0049,1854,只到年。
QH-TE-XF-09,QH-P-000165,懿妃,生育,咸丰六年三月庚辰,1856-01-01,1856-12-31,QH-SU-XF-QSG-0214C,六年三月庚辰，穆宗生，進懿妃。,S二手转述,,QH-A-XF-0050,1856-03a,生育与晋妃同句。
QH-TE-XF-10,QH-P-000165,懿妃,晋封,咸丰六年三月,1856-01-01,1856-12-31,QH-SU-XF-QSG-0020P,穆宗生母懿嬪那拉氏晉封懿妃。,S二手转述,,QH-A-XF-0038,1856-03b,本纪用当时称号懿嫔那拉氏。
QH-TE-XF-11,QH-P-000165,懿贵妃,晋封,咸丰七年,1857-01-01,1857-12-31,QH-SU-XF-QSG-0214C,七年，進懿貴妃。,S二手转述,,QH-A-XF-0051,1857,咸丰朝最高位号。
QH-TE-XF-12,QH-P-000166,皇太后,尊封,咸丰十一年七月甲辰,1861-01-01,1861-12-31,QH-SU-TZ-QSG-0021C,,S二手转述,,,1861-07,卷21甲辰尊皇后及圣母并为皇太后。引文待与已入库 TZ 条对齐后补。
QH-TE-XF-13,QH-P-000165,皇太后,尊封,咸丰十一年七月甲辰,1861-01-01,1861-12-31,QH-SU-TZ-QSG-0021C,,S二手转述,,,1861-07b,并尊。当时称圣母皇太后，不是慈禧。
QH-TE-XF-14,QH-P-000166,慈安皇太后,尊封,咸丰十一年九月丙戌朔,1861-01-01,1861-12-31,QH-SU-XF-QSG-0021H,上母后皇太后徽號曰慈安，聖母皇太后徽號曰慈禧。,S二手转述,,QH-A-XF-0058,1861-09,徽号始日。
QH-TE-XF-15,QH-P-000165,慈禧皇太后,尊封,咸丰十一年九月丙戌朔,1861-01-01,1861-12-31,QH-SU-XF-QSG-0021H,上母后皇太后徽號曰慈安，聖母皇太后徽號曰慈禧。,S二手转述,,QH-A-XF-0058,1861-09b,与慈安同句。
QH-TE-XF-16,CAND-XF-ZHUANGJING,贵人,时态说明,事文宗,,,QH-SU-XF-QSG-0214D,事文宗，爲貴人，累進麗妃。,S二手转述,,QH-A-XF-0052,1850,累進未拆年。
QH-TE-XF-17,CAND-XF-MEI,贵人,时态说明,事文宗,,,QH-SU-XF-QSG-0214E,事文宗，爲貴人，進玫嬪。,S二手转述,,QH-A-XF-0053,1850b,穆宗尊玫贵妃是死后层。
