conflict_set_id,议题,冲突维度,现行编辑判断,判断依据主张,保留意见,研究综述,主要论著,综述状态
QH-CF-KX-SUCCESSION,康熙继位与顾命叙事簇,客体,不择一终审；口谕、遗诏、圣祖实录仪节、世宗实录甲午条、本纪九、辛丑即位礼分层保存,QH-A-KX-0033；QH-A-KX-0028；QH-A-YZ-0039；QH-A-YZ-0057,口谕、遗诏、寝宫与畅春园、十三日与二十日互不覆盖；满汉原件与起居注未见；改诏传闻只挂对照栏,雍正继位合法性是清史研究中持续最久、参与最广的公案，争论焦点已从「是否篡位」转向「遗诏文书本身的证据能力」。三派可辨：①篡立说——孟森首创、王钟翰补证，认为康熙属意皇十四子胤祯，胤禛与隆科多合谋夺位；②合法继位说——冯尔康、吴秀良主张康熙废储后最终确立皇四子，且警戒森严、改「十」为「于」在文书制度上不成立；③调和说——杨启樵提出「雍正继统、允禵辅弼」；陈熙远进一步指出遗诏已是权力分配底定后的产物，从现存遗诏反推真相「无异缘木求鱼」。第三说为本库「不择一终审、分层保存」提供了直接学术依据。,孟森《清世宗入承大统考实》（收入《明清史论著集刊》，中华书局1959；又见《孟森著作集》）；王钟翰《清世宗夺嫡考实》（《燕京学报》第36期，1949）、《清圣祖遗诏考辨》；金承艺《从「胤禵」问题看清世宗夺位》（1976）；许曾重《清世宗胤禛继承皇位新探》；杨珍《清朝皇位继承制度》；冯尔康《雍正传》（人民出版社1985；2014第2版）、《康熙朝的储位之争和胤禛的胜利》；吴秀良《通向权力之路：康熙和他的法定继承人》；杨启樵《雍正帝及其密折制度研究》《揭开雍正皇帝隐秘的面纱》；陈熙远（论康熙遗诏与康熙五十六年面谕）；张双志《雍正继位新解》,已登记（三派与代表论著；版次页码待补）
QH-CF-KX-EMPRESS-DATE,孝诚册立皇后七月/九月,时间,两说并存待核,,不删任何一说；玉牒或会典开光后复核。孝恭在康熙朝不是皇后。,本组属库内的日期异文，未见以此为专题的现代研究。背景可参康熙朝册立礼与后妃制度研究，但需专门核查会典与玉牒。,待补（须查：康熙朝会典、玉牒影印本；清代后妃制度专著）,待补
QH-CF-KX-INVEST-DAY,立太子日丙寅/乙丑,时间,实录与本纪同作丙寅；乙丑仅列传一源,QH-A-KX-0121,乙丑说不删除，标列传独异,太子废立日期之争多见于通论性研究，但「丙寅／乙丑」这一日的干支异文，须回到《圣祖实录》与《清史稿》列传逐条比对，未见专文。,待补（可参孟森与冯尔康关于康熙朝储位的研究）,待补
QH-CF-KX-DEPOSE-YEAR,初废颁示措辞,客体,措辞差异并存,,颁诏/颁示措辞不合并,属文本措辞层面。学术史关注点在初废太子的政治分析，非「颁诏／颁示」的措辞比对。,待补,待补
QH-CF-KX-DEPOSE2-MONTH,再废九月/十月,时间,实录拆两日：庚戌拘执谕、辛亥朱笔废谕，两说各对一日,QH-A-KX-0122;QH-A-KX-0123,咸安宫：实录再废两条未见，本纪/列传有，最早出处待起居注,康熙五十一年再废太子年份无争议，月份两说须回实录。现代研究多从储位政治角度讨论，日期细节少有专论。,待补,待补
QH-CF-KX-PRINCE-ORDER,卷164 表序与缺号,客体,表序是来源版本排序，不是玉牒自然序,,不得据表序推自然长幼,属《清史稿》诸王世表本身的体例问题。清史稿表与传的成书缺陷是清史编纂学的既有议题，但卷164表序与缺号的具体问题未见专文。,待补（可查《清史稿》编纂史研究）,待补
QH-CF-KX-YINTI-NAME,胤禵/胤禎 写法,写法,世表用胤禎、人物档用胤禵并记原名胤祯；世宗实录改名谕尚未打开到可引条次，未引前单面不称冲突,,现有单面边界已在主张备注声明；补面之前不得择一。不得把三层名字写成改诏证据。,这是继位之争的一个具体支点，双方均有专文。王钟翰《胤祯西征纪实》据弘旺《皇清通志纲要》提出十四阿哥原名胤祯、后改允禵，并认为改名比「改十为于」更具说服力；金承艺进一步主张雍正占用了乃弟之名；冯尔康《康熙十四子胤禵改名考实》据康熙三十六年与四十五年玉牒，主张原名胤禵、至迟康熙四十五年为避混淆改为胤祯、雍正继位后复名，庄吉发认同；杨启樵不同意冯说，认为皇子命名本有疏失、与篡位无关，并质疑现存玉牒是否为康熙朝原本。学界未取得一致，本库「补面之前不得择一」的处理具备学术依据。,王钟翰《胤祯西征纪实》《清世宗夺嫡考实》；金承艺《从「胤禵」问题看清世宗夺位》（1976）、《胤禛非清世宗本来名讳的探讨》；冯尔康《康熙十四子胤禵改名考实》《清世宗本叫胤禛，并未盗名》；庄吉发《清世宗入承大统与皇十四子更名考释》；杨启樵《揭开雍正皇帝隐秘的面纱》,已登记（改名之争的论战双方与依据；版次页码待补）
QH-CF-YZ-RENSHOU,皇太后徽号称谓,客体,称谓层级并存,,时态称谓不混,属时态称谓之辨，本库按称谓层级分层保存。相关研究散见于雍正朝礼仪与皇太后尊号制度，未见专文。,待补,待补
QH-CF-YZ-DEATH,雍正崩逝细节,时间,本纪己丑与实录己丑子刻同日异文；丹药说降传闻层,QH-A-YZ-0041,死因不终审；地点不补,死因之争共三说。①官书病死说：《清世宗实录》《清史稿·世宗本纪》只记病危、不载病因；②中风说：郑天挺提出，冯尔康《雍正传》转述并认为值得重视，但缺直接史料；③丹药中毒说：金梁《清帝外纪》最早提出「相传修炼饵丹所致，或出有因」，恒慕义（A. W. Hummel）1940年代在《清代名人传略》中主张服药致死，杨启樵以长篇论证断为「服饵丹药中毒而亡」，冯尔康认为「此说颇有合于情理处」，李国荣、张书才据内务府《活计档》——雍正崩前十二日圆明园二所进牛舌头黑铅二百斤——认为中毒致死可能性极大。丹药说证据较厚但仍属推论，本库因此标「死因不终审、地点不补」。,金梁《清帝外纪·世宗崩》；恒慕义《清代名人传略》「胤禛」条；杨启樵《雍正帝及其密折制度研究》《揭开雍正皇帝隐秘的面纱》；冯尔康《雍正传》（人民出版社1985；2014第2版）；李国荣、张书才《实说雍正》；闫爱民《正说雍正》；阎崇年《正说清朝十二帝》；内务府《活计档》圆明园二所黑铅记录,已登记（三说与各自依据；页码待补）
QH-CF-YZ-NIAN-DEATH,年羹尧死法,客体,赐死/狱中令自裁/令其自裁三说并存,QH-A-YZ-0042,不择一；实录令其自裁为当日谕旨层,赐死、狱中令自裁、令其自裁三说并存，实为当时谕旨层级与后出记载的措辞差异。年羹尧研究因档案整理而改观：《年羹尧满汉奏折译编》系统收录其满汉文奏折434件（康熙四十九年至雍正三年），是该案核心史料集；郑小悠《年羹尧之死》为近年专论。就性质解释而言，冯尔康把年、隆之狱归因于皇权稳固的需要、与继位问题无直接关系，杨启樵则归因于他们破坏了奏折制度，两说并存。,《年羹尧满汉奏折译编》（季永海、李盘胜、谢志宁编译，天津古籍出版社1995）；郑小悠《年羹尧之死》（山西人民出版社2018）；王钟翰《年羹尧西征问题——兼论雍正西北民族政策》（《青海社会科学》1990年第4期）；冯尔康《雍正传》；杨启樵《雍正帝及其密折制度研究》；冯尔康主编《清朝通史·雍正朝分卷》（紫禁城出版社2003）；台北故宫博物院编《宫中档雍正朝奏折》（1978）,已登记（核心史料集与专论；页码待补）
QH-CF-YZ-LONGKEDUO-COUNTS,隆科多罪款与禁锢地,客体,本纪五十款且未写畅春园；实录与列传作四十一款、畅春园外禁锢,QH-A-YZ-0043,不择一；实录四十一款与畅春园外为当日谕旨层；本纪五十款仍保留,罪款数四十一与五十两说可与文本直接比对：《清史稿》列传作「凡四十一款当斩」，并记「于畅春园外筑屋三楹永远禁锢」，与实录、列传一致；本纪作五十款且未写畅春园，属本纪层面的异文。《清史列传》所载罪款分类（大不敬五、欺罔四、紊乱朝政三、党奸六、不法七、贪婪十六，合计四十一）可逐款核对。孟森曾据雍正七年十月戊申上谕指出「改十为于」之说并非久后野人语、实为当时宫廷中宣布之言，并以隆科多为传诏枢纽分析继位问题；周祚绍从《恰克图条约》谈判评价隆科多坚持立场、维护领土。本库「不择一」而保留两说，符合文本实状。,《清史稿》卷八十八 列传八十二 隆科多传；《清史列传》卷十三 大臣画一传档正编十；孟森《清世宗入承大统考实》；周祚绍（论《恰克图条约》谈判中的清朝使臣）；冯尔康《雍正传》,已登记（文本比对路径与相关论著；页码待补）
QH-CF-YZ-JUNJI,军机处设立时点,客体,本纪十年始设军机大臣；实录七年六月密办军需且无军机房字；年表七年六月始设军机房；年表十年三月改称办理军机处；实录十年三月初三日准铸办理军机印信且无改称句,QH-A-YZ-0045,不择一；实录密办与铸印为当日谕旨层；年表始设句与改称句不得写入实录；会典未开,传统观点把军机处定为雍正朝设立、视为皇权专制顶峰，并流行「军需处—军机房—军机处」三阶段说。白彬菊（Beatrice S. Bartlett）据台北与北京所藏汉文、满文档案，明确主张三阶段说不成立：雍正朝内廷助手是小规模、分立的机构，直到乾隆初（其结论为乾隆二年）才出现统一且具广泛权力的军机处，其成长源于保密性、满汉混合、人员兼职、频繁战事与皇帝巡幸等因素。该结论直接对应本组所收的三层异说（本纪「十年始设」、实录「七年六月密办军需」、年表「七年六月始设军机房／十年三月改称办理军机处」）。本库「不择一」并把实录密办与铸印、年表始设与改称分层保存，与其档案取向一致。,"白彬菊《君主与大臣：清中期的军机处（1723—1820）》（董建中译，中国人民大学出版社2017，ISBN 978-7-300-24007-7；2018，ISBN 978-7-300-25432-6）；Beatrice S. Bartlett, Monarchs and Ministers: The Grand Council in Mid-Ch'ing China, 1723-1820（1991）；王钟翰《谈军机处》（据邓之诚讲演稿整理）；冯尔康《雍正传》",已登记（核心专论与论点；页码待补）
QH-CF-QL-JQ-ABDICATION-GANZHI,嘉庆元年正月朔授受大典干支,卷15戊申 vs 卷16戊辰,两卷均指正月朔同一授受大典；干支异文暂不校改,QH-A-QL-0001；QH-A-JQ-0001,可能是史稿内部讹异、版本差或转录问题；须对影印本与独立历法库。,本组是本库 CAL-001 机器校验中唯一被独立命中的硬矛盾：同一公历日 1796-02-09 不可能有两个干支。异文出在同一部《清史稿》内部的卷15与卷16，成因不外史稿内部讹异、版本差异或转录问题三者之一，须以影印本与独立历法库定谳。就学术史而言，嘉庆内禅与授受大典的研究多关注训政体制与权力交接，未以此干支异文为专题。,待补（须查：《清史稿》卷15、卷16影印本与独立历法库；授受大典与训政可参嘉庆朝政治研究）,部分（机器校验已定两说不可并存；何说为是须待版本比对）
QH-CF-QL-NALA,继皇后那拉氏姓氏与断发,客体,乌拉那拉与辉发那拉不择一；断发只录官书「迹类疯迷」,,收册宝、丧仪降格须回实录会典后才能写到哪一层。不写南巡宫斗。,那拉氏姓氏（乌拉那拉／辉发那拉）之辨处于清史与清宫史公众话题的交界。本库只录官书「迹类疯迷」、不收南巡宫斗叙事，符合「后宫叙事须回官书」的基本要求。专题研究待补。,待补（可查清代后妃制度与乾隆朝后宫研究）,待补
QH-CF-YZ-DYJML-SCENE,觉迷录传位场面与圣祖实录御榻衔名,客体,不择一；人员同为七皇子加隆科多；衔名时态分层,QH-A-YZ-0048,觉迷录用后来亲王号与阿其那、塞思黑、原任理藩院尚书；圣祖实录用淳郡王、贝勒、贝子、理藩院尚书。不得互改。,本组针对《大义觉迷录》与《圣祖实录》两处对同日受顾命人员的不同衔名（觉迷录用后来亲王号与阿其那、塞思黑、原任理藩院尚书；圣祖实录用淳郡王、贝勒、贝子、理藩院尚书）。孟森已指出《圣祖实录》为世宗所修，所载遗诏与辩解「或出世宗之意，不敢信为圣祖真面目」；王钟翰亦以实录有意删改上谕著称。近年研究进一步强调《大义觉迷录》是雍正自辩的宣传文本，不宜作事实底本。本库「不得互改、层层分层」的处理有明确学术支撑。,《大义觉迷录》；孟森《清世宗入承大统考实》；王钟翰《清世宗夺嫡考实》《清圣祖遗诏考辨》；史景迁《雍正王朝之大义觉迷》；王汎森《从曾静案看十八世纪前期的社会心态》（收入《权力的毛细管作用》）,已登记（相关论著与判断依据；页码待补）
QH-CF-YZ-DYJML-GAIZHAO,改诏传闻与驳语,客体,不择一；不写已证伪,QH-A-YZ-0049,传闻是耿六格供称转述；驳语是刊本自辩；圣祖实录口谕遗诏无改字。三层并存。,三层并存：传闻（耿六格供称转述）、刊本自辩（《大义觉迷录》驳语）、圣祖实录口谕遗诏无改字。孟森据雍正七年十月戊申上谕认为「以遗诏中十改作于之故，并非久后野人之语，实是当时宫廷中宣布之言」，即该说在当时的宫廷内部已流传；冯尔康从文书制度指出「传位皇十四子」改写为「传位皇于四子」讲不通，且清代中前期诏书满汉蒙并列，仅改汉字不足成事；杨启樵认为诏书由顾命大臣草拟是惯例，与篡位无关；陈熙远更进一步指出若康熙临终前本无文字遗诏，则不存在窜改原件的问题，最多是口授转述是否如实。本库因此只挂对照栏、不写「已证伪」。,孟森《清世宗入承大统考实》；王钟翰《清圣祖遗诏考辨》；杨启樵《康熙遗诏与雍正践祚》《雍正篡位说驳难》；冯尔康《雍正传》；陈熙远（论康熙遗诏与康熙五十六年面谕）,已登记（三层与代表观点；页码待补）
QH-CF-QL-ZENGJING-ZHIZUI,本纪十月壬申命治罪,时间,本纪有此句；实录同日七条无此旨；不补未打开的他日条,QH-A-QL-0009,不得改成乾隆元年。实录卷4十月七日已逐条打开。,属《清史稿》本纪与实录同日条目不对应的文本问题。曾静案的学术史重心在案件的政治与思想意义，而非逐日比对，故本条须以实录卷次逐条核对，未见专文。,待补（须查《清世宗实录》《清高宗实录》对应卷次）,待补
QH-CF-QL-ZENGJING-DEATH,曾静张熙死法,客体,实录凌迟处死；本纪磔于市；不择一,QH-A-QL-0008,日期是雍正十三年十二月十九日。不得改成乾隆元年。,曾静案是清史研究的重要题目。王汎森《从曾静案看十八世纪前期的社会心态》以曾静本人的生活与思想转变为切入，指出其「贫富不均归罪雍正失政」「井田封建宜复」等主张连同对继位合法性的质疑，构成对清廷的双重威胁，并分析乾隆查禁《大义觉迷录》所显现的矛盾；史景迁《雍正王朝之大义觉迷》以叙事方式处理雍正、乾隆父子对本案的不同态度；许曾重认为《大义觉迷录》的编纂与颁布客观上进一步散播了矫诏即位与反清言论；韩东育从「华夷一家」论《大义觉迷录》与《清帝逊位诏书》的思想连续性。死法（凌迟／磔于市）属官书措辞差异，上述研究均非以行刑方式为专题，故本库「不择一」并在备注锁定日期为雍正十三年十二月十九日。,王汎森《从曾静案看十八世纪前期的社会心态》（收入《权力的毛细管作用：清代的思想、学术与心态》）；史景迁《雍正王朝之大义觉迷》；许曾重（论《大义觉迷录》）；韩东育（论《大义觉迷录》与《清帝逊位诏书》）,已登记（相关研究；页码待补）
QH-CF-NH-DEATH,宁远炮伤与太祖死因,客体,不择一；本纪与实录只写伤士卒或伤官军，未写汗本人中炮；崩在八月叆鸡堡／爱鸡堡，宁远在正月,QH-A-NH-0007；QH-A-NH-0036；QH-A-NH-0021；QH-A-NH-0034,故宫世系页「炮伤＋痛疽」是馆方年表层，不写入崩条；不得把伤士卒写成本人中炮已证,本组首先是本库文本对读：官书两层都未写本人中炮，馆方人物页写成炮伤并痛疽。开国通论常转述「宁远负伤后崩」，但专以实录伤亡句与馆方年表对勘的论文未见。通论背景可参阎崇年、周远廉开国史，不得拿通论冒充本条已有专文。,待补（须查：《太祖实录》崇德本／武皇帝实录宁远条；故宫世系页所据馆藏说明；阎崇年《努尔哈赤传》、周远廉《清朝开国史研究》相关章节，页码待补）,待补
QH-CF-NH-DAFEI,大妃乌拉纳喇氏辛亥殉死性质,客体,官书「殉」「以身殉」分层保存；强迫或自愿不择一,QH-A-NH-0026；QH-A-NH-0035,顺治七年上谥孝烈、八年罢谥出庙是多尔衮死后礼法层，不是天命十一年现场；不得编造谁下令,官书只给「殉」字。后妃制度与殉死习俗是清史、满学里的既有题目，但以大妃辛亥一条为专题、论证强迫或自愿的专文，本轮未能核到可引篇目。不得用宫斗叙事填空。,待补（须查：卷214大妃传与实录卷10对读之外的老档日条；清代殉葬制度研究；多尔衮罢谥诏原文）,待补
QH-CF-NH-CHUYING,褚英死法三写,客体,本纪自缢、世表赐死、列传死于禁所三句并存，不择一,QH-A-NH-0029；QH-A-NH-0030；QH-A-NH-0031,明人「谏上毋背明」是列传转述，不升格为死因；玉牒与老档未见,这是《清史稿》内部异文，不是三件档案对同一天。开国史叙述褚英被疏、幽禁，多据官书「暴伉」「诅咒」一层；「谏阻背明」说停留在列传转述。未见以三句对勘为专题的专文。,待补（须查：《满文老档》乙卯年褚英条；孟森《满洲开国史讲义》、周远廉《清朝开国史研究》；页码待补）,待补
QH-CF-NH-SEVEN-HATES,七大恨文本与条次,客体,本纪用语、康熙本实录告天书、维基白话篇、目录所称天聪四年卢龙谕分层保存，不择一,QH-A-NH-0003；QH-A-NH-0017,卢龙谕原件未见；白话篇不得当成康熙本；本纪二月壬寅与通行读物「四月十三日」未在本库已开页对上,七大恨版本差异是清史学界已知问题。本库已开康熙本实录首恨，与本纪「告天」用语同日不同详略。目录常把天聪四年《金国汗攻卢龙誓师安民谕》列为更早文本，本库未见原件，故不把「最早文本」写成已核。满汉文本对照须回满文。,孟森《满洲开国史讲义》；周远廉《清朝开国史研究》；阎崇年《努尔哈赤传》（均只作通论背景，页码待补）。卢龙谕原件与满文本待核。,部分（已开康熙本首恨与本纪用语；最早文本与满文层仍缺）
QH-CF-NH-GUOHAO,1616年国号写法,客体,本纪「定国号曰金」与实录即位条无国号句并存；史学「后金」是通行称呼，不是本纪原文,QH-A-NH-0002；QH-A-NH-0016,满文 aisin gurun 未见可核原档；1636年大清不得倒写,国号「金／后金／满洲」是开国史名号问题的一部分。本库此次只钉本纪有「金」、实录即位条未见该句。满文原字与「后金」一词何时出现，须回老档与明人记录，本次未开。,待补（须查：满文老档建国条；松村润《清太祖实录の研究》；页码待补）,待补
QH-CF-NH-BANNERS,乙卯八旗第四色,客体,本纪黄红白黑易黑为蓝，与实录黄红蓝白镶之并存，不择一,QH-A-NH-0014；QH-A-NH-0015,辛丑「定兵制」与乙卯八旗不得并年；牛录三百人见兵志，本章不升格,颜色异文出在本纪与康熙本实录之间，属文本层。八旗起源研究很多，但专以「第四色黑或蓝」为题的专文未见。通论多从四旗到八旗的制度史入手。,待补（须查：兵志卷130；满文老档乙卯年旗色；孟森、周远廉开国史；页码待补）,待补
QH-CF-NH-YONGLING,本纪「是曰永陵」与今新宾永陵,客体,本纪天命九年东京阳鲁山「是曰永陵」与今新宾兴京陵／永陵、沈阳福陵分层保存,QH-A-NH-0020；QH-A-NH-0038,孝慈三迁见卷214；顺治十六年兴京陵改永陵条次未回实录；不得三地并成一座,本组是本库对读出来的地名层问题：本纪把东京迁葬写成「是曰永陵」，今永陵在新宾，福陵在沈阳。关外三陵通论很多，但以本纪这句与兴京改名为专题的专文未见。,待补（须查：顺治十六年改名实录条；东京陵考古简报；盛京三陵世界遗产说明不得当史料）,待补
QH-CF-NH-FIVE-MINISTERS,乙卯听讼五大臣与天命元年五大臣点名,客体,两句并存；乙卯只写编制，元年才写五人名。不自动合并。,QH-A-NH-0051；QH-A-NH-0052,扬古利只在丁未出兵句，不升格为五大臣之一。,本库对读出来的编制／点名分层。,待补（须查满文老档与卷225诸传）,待补
QH-CF-HT-ACCESSION,继位：即位书写与名号附记,客体,本纪只写即位于沈阳。卷2「皇太子／黄台吉」对音是后出附记，不能证明天命十一年继位已按中原太子礼安排。不择一定审。,QH-A-HT-0001；QH-A-HT-0008,推举说须回满文老档与朝鲜记载原条后，才进本组另一面。,,待补,待补
QH-CF-HT-YUAN,袁崇焕下狱：本纪密计与笔记私语,客体,本纪自记密计耳语、纵归、下狱；《啸亭杂录》记帐外私语场面。两层并陈，不择一写成反间全过程。,QH-A-HT-0006；QH-A-HT-0011,明《崇祯实录》与崇焕奏疏未开。,,待补,待补
QH-CF-HT-LIFANYUAN,理藩院始设年：本纪始设与志更名,时间,本纪作崇德三年始设理藩院；职官志作元年设蒙古衙门、三年更名。两说并存，不择一。,QH-A-HT-0028；QH-A-FW-0017,须对《清史稿》卷115职官志与会典原文。,,待补,待补
QH-CF-HT-PRINCE-ORDER,卷163太宗系缺号与本纪皇第九子,客体,福临不入卷163太宗系正文，与康熙缺胤禛、雍正缺弘历同一体例。缺号不等于太宗无第九子。,QH-A-HT-0027；QH-A-HT-0042；QH-A-HT-0043,宸妃殇子是否即缺号第八子，玉牒未见前不择一。,,待补,待补
QH-CF-HT-XIAOZHUANG,孝庄在太宗朝：永福宫庄妃与后世倒写,客体,太宗朝当时号只到永福宫庄妃；皇后、皇太后、太皇太后是顺治、康熙朝尊封，「孝庄」是后出累谥。不倒写。,QH-A-HT-0039；QH-A-HT-0040,下嫁传说是另一层，只挂对照栏，不与本组并成一条。,,待补,待补
QH-CF-HT-QITATE,第三女额驸写法：祁他特与奇塔特,写法,本纪崇德四年正月甲戌作祁他特；公主表与后妃传作奇塔特。两写并陈照录，不静默改字合并。,QH-A-HT-0047；QH-A-HT-0054,实录、玉牒原条均未回查。,,待补,待补
