visual_id,emperor_id,人物,对象标题,图像性质,制作年代或摄影日期,作者或摄影者,文件页,预览文件,文件页标示许可,权利颜色,可本地保存,可公开展示,对象认定状态,核查日期,使用说明,待核问题,展示角色,关键标注,画面解析,释文,卡片钩子,馆藏登录号
QH-V-E01,QH-E-01,爱新觉罗·努尔哈赤,清太祖天命皇帝朝服像,历史宫廷朝服像,17世纪或稍后追绘,佚名宫廷画家,https://commons.wikimedia.org/wiki/File:%E6%B8%85_%E4%BD%9A%E5%90%8D_%E3%80%8A%E6%B8%85%E5%A4%AA%E7%A5%96%E5%A4%A9%E5%91%BD%E7%9A%87%E5%B8%9D%E6%9C%9D%E6%9C%8D%E5%83%8F%E3%80%8B.jpg,https://upload.wikimedia.org/wikipedia/commons/thumb/6/63/%E6%B8%85_%E4%BD%9A%E5%90%8D_%E3%80%8A%E6%B8%85%E5%A4%AA%E7%A5%96%E5%A4%A9%E5%91%BD%E7%9A%87%E5%B8%9D%E6%9C%9D%E6%9C%8D%E5%83%8F%E3%80%8B.jpg/500px-%E6%B8%85_%E4%BD%9A%E5%90%8D_%E3%80%8A%E6%B8%85%E5%A4%AA%E7%A5%96%E5%A4%A9%E5%91%BD%E7%9A%87%E5%B8%9D%E6%9C%9D%E6%9C%8D%E5%83%8F%E3%80%8B.jpg,Public domain,绿,是,是,文件题名明确,2026-08-13,十二帝网格默认图。入关前汗像按清宫朝服像程式追绘，不能直接当成生前写真。,核原作馆藏号、绘制年代与是否后世追称皇帝后补绘,默认朝服像,明黄龙袍；冬朝冠；宝座坐像；清宫朝服像程式,这是清宫标准朝服正像：身着明黄龙袍、戴朝冠、坐于宝座。努尔哈赤生前是后金汗，此像用入关后皇帝朝服程式，更可能是后来为太庙/寿皇殿系统补绘的礼仪御容，不是战场或盛京时期的写生。,,起兵时，身边只有十三副甲。,
QH-V-E02,QH-E-02,爱新觉罗·皇太极,清太宗崇德皇帝朝服像,历史宫廷朝服像,17世纪或稍后追绘,佚名宫廷画家,https://commons.wikimedia.org/wiki/File:%E6%B8%85_%E4%BD%9A%E5%90%8D_%E3%80%8A%E6%B8%85%E5%A4%AA%E5%AE%97%E5%B4%87%E5%BE%B7%E7%9A%87%E5%B8%9D%E6%9C%9D%E6%9C%8D%E5%83%8F%E3%80%8B.jpg,https://upload.wikimedia.org/wikipedia/commons/thumb/5/56/%E6%B8%85_%E4%BD%9A%E5%90%8D_%E3%80%8A%E6%B8%85%E5%A4%AA%E5%AE%97%E5%B4%87%E5%BE%B7%E7%9A%87%E5%B8%9D%E6%9C%9D%E6%9C%8D%E5%83%8F%E3%80%8B.jpg/500px-%E6%B8%85_%E4%BD%9A%E5%90%8D_%E3%80%8A%E6%B8%85%E5%A4%AA%E5%AE%97%E5%B4%87%E5%BE%B7%E7%9A%87%E5%B8%9D%E6%9C%9D%E6%9C%8D%E5%83%8F%E3%80%8B.jpg,Public domain,绿,是,是,文件题名明确,2026-08-13,十二帝网格默认图。汗位在1626，称帝在1636，不是一次即位。,核原作馆藏、绘制时间及与天聪汗像的关系,默认朝服像,明黄龙袍；冬朝冠；宝座坐像；崇德帝身份,皇太极先当了十年汗，年号天聪。1636年称帝，改国号大清，年号崇德。这张像穿明黄龙袍、坐宝座，是称帝以后的样子，不是天聪年间当汗的装束。,,「大清」这个国号，是他称帝以后才有的。,
QH-V-E03,QH-E-03,爱新觉罗·福临,清世祖顺治皇帝朝服像,历史宫廷朝服像,17世纪,佚名宫廷画家,https://commons.wikimedia.org/wiki/File:%E6%B8%85_%E4%BD%9A%E5%90%8D_%E3%80%8A%E6%B8%85%E4%B8%96%E7%A5%96%E9%A1%BA%E6%B2%BB%E7%9A%87%E5%B8%9D%E6%9C%9D%E6%9C%8D%E5%83%8F%E3%80%8B.jpg,https://upload.wikimedia.org/wikipedia/commons/thumb/3/3d/%E6%B8%85_%E4%BD%9A%E5%90%8D_%E3%80%8A%E6%B8%85%E4%B8%96%E7%A5%96%E9%A1%BA%E6%B2%BB%E7%9A%87%E5%B8%9D%E6%9C%9D%E6%9C%8D%E5%83%8F%E3%80%8B.jpg/500px-%E6%B8%85_%E4%BD%9A%E5%90%8D_%E3%80%8A%E6%B8%85%E4%B8%96%E7%A5%96%E9%A1%BA%E6%B2%BB%E7%9A%87%E5%B8%9D%E6%9C%9D%E6%9C%8D%E5%83%8F%E3%80%8B.jpg,Public domain,绿,是,是,文件题名明确,2026-08-13,十二帝网格默认图。朝服正像用于身份识别，不证明出家说或其他私生活叙事。,核原作馆藏号、版本关系及是否为成年御容,默认朝服像,明黄龙袍；冬朝冠；宝座坐像；入关后皇帝朝服,顺治朝服像已是入关后北京宫廷的标准御容：明黄、龙纹、朝冠、坐像。它记录的是皇帝礼仪身份，不能用来证明或否定出家传闻；幼年即位与成年朝服像之间还有年龄差，须另核绘制阶段。,,进北京那年，管事的是多尔衮。,
QH-V-E04,QH-E-04,爱新觉罗·玄烨,清圣祖康熙皇帝朝服像,历史宫廷朝服像,康熙晚期,佚名宫廷画家,https://commons.wikimedia.org/wiki/File:%E6%B8%85_%E4%BD%9A%E5%90%8D_%E3%80%8A%E6%B8%85%E5%9C%A3%E7%A5%96%E5%BA%B7%E7%86%99%E7%9A%87%E5%B8%9D%E6%9C%9D%E6%9C%8D%E5%83%8F%E3%80%8B.jpg,https://upload.wikimedia.org/wikipedia/commons/thumb/6/62/%E6%B8%85_%E4%BD%9A%E5%90%8D_%E3%80%8A%E6%B8%85%E5%9C%A3%E7%A5%96%E5%BA%B7%E7%86%99%E7%9A%87%E5%B8%9D%E6%9C%9D%E6%9C%8D%E5%83%8F%E3%80%8B.jpg/500px-%E6%B8%85_%E4%BD%9A%E5%90%8D_%E3%80%8A%E6%B8%85%E5%9C%A3%E7%A5%96%E5%BA%B7%E7%86%99%E7%9A%87%E5%B8%9D%E6%9C%9D%E6%9C%8D%E5%83%8F%E3%80%8B.jpg,Public domain,绿,是,是,文件题名明确；故宫数字文物库有对应对象页,2026-08-13,十二帝网格与康熙人物页默认图。便服写字像另见 QH-V-E04B。,核原作当前馆藏号、尺寸及是否为寿皇殿系统正本,默认朝服像,明黄龙袍；冬朝冠缀东珠；宝座；屏风；成年御容,康熙朝服像是清宫最典型的皇帝定妆程式：正面坐像、明黄龙袍、朝冠、宝座与屏风。它用于宗庙和宫廷识别，表现的是稳定的皇帝身份，不是某一日的生活场景。与便服写字像对照，可见同一人被画成两种功能完全不同的视觉对象。,,死在畅春园。园子现在没了。,故宫博物院 故00006396（Commons 文件页著录，2026-08-14 核验）
QH-V-E04B,QH-E-04,爱新觉罗·玄烨,康熙帝便服写字像,历史宫廷便服像,康熙时期（1662—1722）,佚名宫廷画家,https://commons.wikimedia.org/wiki/File:Portrait_of_the_Kangxi_Emperor_in_Informal_Dress_Holding_a_Brush.jpg,https://upload.wikimedia.org/wikipedia/commons/7/7f/Portrait_of_the_Kangxi_Emperor_in_Informal_Dress_Holding_a_Brush.jpg,Public domain,绿,是,是,文件题名明确,2026-08-13,其他真迹。不替代朝服正像作为默认识别图。,核原作馆藏、画面制作阶段与是否为如意馆稿本,其他真迹,便服；手持毛笔；书案；非朝会场合,此像把皇帝画成读书写字的文人姿态，衣色不是朝会所用明黄龙袍。它有助于理解宫廷对‘勤学’的自我塑造，但不能当作朝服定妆，也不能单独证明某次具体批阅事件。与朝服像并列时，应标为便服像/行乐或书斋像。,,,
QH-V-E05,QH-E-05,爱新觉罗·胤禛,清世宗雍正皇帝朝服像轴,历史宫廷朝服像,雍正时期（1723—1735）,佚名宫廷画家,https://commons.wikimedia.org/wiki/File:%E9%9B%8D%E6%AD%A3%E6%9C%9D%E6%9C%8D%E5%83%8F%E8%BD%B4.jpg,https://upload.wikimedia.org/wikipedia/commons/thumb/8/80/%E9%9B%8D%E6%AD%A3%E6%9C%9D%E6%9C%8D%E5%83%8F%E8%BD%B4.jpg/500px-%E9%9B%8D%E6%AD%A3%E6%9C%9D%E6%9C%8D%E5%83%8F%E8%BD%B4.jpg,Public domain,绿,是,是,文件题名明确,2026-08-13,十二帝网格默认图。角色扮演图册另见 QH-V-E05B。,核立像与坐像版本关系、原作尺寸和馆藏号,默认朝服像,明黄龙袍；朝冠；立像轴；清宫御容,雍正朝服像轴仍用明黄龙袍与朝冠，是礼仪性御容。雍正另有大量道装、洋装、行猎等‘扮装’图，那些是宫廷趣味与自我形象实验，不得与朝服定妆混为一类。默认展示必须用朝服像，扮装图只作为其他真迹进入。,,灯下批折，写到二更。,故宫博物院 故00006431；dpm.org.cn/collection/paint/231803.html（Commons 文件页著录，2026-08-14 核验）
QH-V-E05B,QH-E-05,爱新觉罗·胤禛,雍正帝道装像（扮装图册之一）,历史宫廷角色扮演图,1723—1735,佚名,https://commons.wikimedia.org/wiki/File:Album_of_the_Yongzheng_Emperor_in_Costumes.jpg,https://upload.wikimedia.org/wikipedia/commons/e/ef/Album_of_the_Yongzheng_Emperor_in_Costumes.jpg,Public domain,绿,是,是,文件题名明确为图册中的一开,2026-08-13,其他真迹。不是标准御容，禁止作为十二帝默认头像。,需拆分图册各开、逐图情境和原题,其他真迹,道装；扮装；非朝服；图册单开,此开把雍正画成道士装束，属于《雍正行乐图》类扮装传统。它证明宫廷允许皇帝以戏装、道装、洋装入画，但不能代表朝会身份，也不能用来说明雍正‘崇道’到何种制度程度。人物认定以图册题名为准，具体开页原题仍待核。,,,
QH-V-E06,QH-E-06,爱新觉罗·弘历,清高宗乾隆帝朝服像,历史宫廷朝服像,1736,郎世宁,https://commons.wikimedia.org/wiki/File:%E6%B8%85%E9%AB%98%E5%AE%97%E4%B9%BE%E9%9A%86%E5%B8%9D%E6%9C%9D%E6%9C%8D%E5%83%8F.jpg,https://upload.wikimedia.org/wikipedia/commons/thumb/f/f7/%E6%B8%85%E9%AB%98%E5%AE%97%E4%B9%BE%E9%9A%86%E5%B8%9D%E6%9C%9D%E6%9C%8D%E5%83%8F.jpg/500px-%E6%B8%85%E9%AB%98%E5%AE%97%E4%B9%BE%E9%9A%86%E5%B8%9D%E6%9C%9D%E6%9C%8D%E5%83%8F.jpg,Public domain,绿,是,是,文件题名明确；Commons 标郎世宁、1736、故宫藏,2026-08-13,十二帝网格默认图。全身朝服坐像，脚在踏凳上。英文文件名那张是晚年近景，源图无下半身，另见 QH-V-E06K。,故宫馆藏号；与《清人画弘历朝服像轴》是否同一件。不用故宫数字文物库原图。,默认朝服像,明黄龙袍；十二章纹样；冬朝冠；宝座坐像；脚踏；地毯；郎世宁画风,这是清宫标准朝服正像的全身轴：明黄龙袍、朝冠、宝座、脚踏和地毯。脸部体积来自郎世宁系统，仍是礼仪绘画，不是照片。文件页题 1736 年，画的是即位之初的年轻容貌，不能当成一生所有年龄段。原先网格用的英文文件名是另一张晚年近景，腰以下被裁掉了。,,禅了位，还管了三年。,
QH-V-E07,QH-E-07,爱新觉罗·颙琰,清仁宗嘉庆皇帝朝服像,历史宫廷朝服像,19世纪,佚名宫廷画家,https://commons.wikimedia.org/wiki/File:%E6%B8%85_%E4%BD%9A%E5%90%8D_%E3%80%8A%E6%B8%85%E4%BB%81%E5%AE%97%E5%98%89%E5%BA%86%E7%9A%87%E5%B8%9D%E6%9C%9D%E6%9C%8D%E5%83%8F%E3%80%8B.jpg,https://upload.wikimedia.org/wikipedia/commons/thumb/b/bb/%E6%B8%85_%E4%BD%9A%E5%90%8D_%E3%80%8A%E6%B8%85%E4%BB%81%E5%AE%97%E5%98%89%E5%BA%86%E7%9A%87%E5%B8%9D%E6%9C%9D%E6%9C%8D%E5%83%8F%E3%80%8B.jpg/500px-%E6%B8%85_%E4%BD%9A%E5%90%8D_%E3%80%8A%E6%B8%85%E4%BB%81%E5%AE%97%E5%98%89%E5%BA%86%E7%9A%87%E5%B8%9D%E6%9C%9D%E6%9C%8D%E5%83%8F%E3%80%8B.jpg,Public domain,绿,是,是,文件题名明确,2026-08-13,十二帝网格默认图。1796—1799训政期的权力状态不能从此像读出。,文件页年代著录宽泛；需核原作馆藏号与绘制年份,默认朝服像,明黄龙袍；冬朝冠；宝座坐像,嘉庆朝服像沿用乾隆以后的皇帝正像程式。画面只说明‘这是皇帝的礼仪形象’，读不出太上皇训政、诛和珅或天理教攻宫。年代若只写十九世纪，则连在位早年或晚年都无法从图像本身判定。,,和珅是登基第四年才抓的。,
QH-V-E08,QH-E-08,爱新觉罗·旻宁,清宣宗道光皇帝朝服像,历史宫廷朝服像,清代,佚名宫廷画家,https://commons.wikimedia.org/wiki/File:%E6%B8%85_%E4%BD%9A%E5%90%8D_%E3%80%8A%E6%B8%85%E5%AE%A3%E5%AE%97%E9%81%93%E5%85%89%E7%9A%87%E5%B8%9D%E6%9C%9D%E6%9C%8D%E5%83%8F%E3%80%8B.jpg,https://upload.wikimedia.org/wikipedia/commons/thumb/b/b9/%E6%B8%85_%E4%BD%9A%E5%90%8D_%E3%80%8A%E6%B8%85%E5%AE%A3%E5%AE%97%E9%81%93%E5%85%89%E7%9A%87%E5%B8%9D%E6%9C%9D%E6%9C%8D%E5%83%8F%E3%80%8B.jpg/500px-%E6%B8%85_%E4%BD%9A%E5%90%8D_%E3%80%8A%E6%B8%85%E5%AE%A3%E5%AE%97%E9%81%93%E5%85%89%E7%9A%87%E5%B8%9D%E6%9C%9D%E6%9C%8D%E5%83%8F%E3%80%8B.jpg,Public domain,绿,是,是,文件题名明确,2026-08-13,十二帝网格默认图。园居行乐图另见 QH-V-E08B。,核原作馆藏号、绘制年代与绵宁避讳改旻宁后的题名,默认朝服像,明黄龙袍；冬朝冠；宝座坐像,道光朝服像是标准皇帝定妆：明黄、龙纹、朝冠、坐像。园居便服像表现的是另一套宫廷生活视觉，二者不可互换。朝服像也不能用来讲述禁烟或鸦片战争；那些事件需要档案与实录，不在这张礼仪画像里。,,割香港岛的字，签在南京江面的船上。,
QH-V-E08B,QH-E-08,爱新觉罗·旻宁,道光帝园居像,历史宫廷行乐图,清代,清宫画家,https://commons.wikimedia.org/wiki/File:Emperor_Daoguang_Sitting_in_Garden.JPG,https://upload.wikimedia.org/wikipedia/commons/thumb/5/59/Emperor_Daoguang_Sitting_in_Garden.JPG/500px-Emperor_Daoguang_Sitting_in_Garden.JPG,Public domain,绿,是,是,文件题名明确,2026-08-13,其他真迹。非朝服正像。,核对象原题、年代与画中人物认定依据,其他真迹,便服；园林；坐具非宝座；行乐场景,此图把皇帝放进园林坐具与花木之间，衣饰不是朝会龙袍。它属于行乐/园居传统，用来补充‘宫廷生活’视觉，不能当定妆照。人物认定目前主要依据文件题名，原作题跋和馆藏说明仍待核。,,,
QH-V-E09,QH-E-09,爱新觉罗·奕詝,清文宗咸丰皇帝朝服像,历史宫廷朝服像,19世纪,佚名宫廷画家,https://commons.wikimedia.org/wiki/File:%E3%80%8A%E5%92%B8%E4%B8%B0%E7%9A%87%E5%B8%9D%E6%9C%9D%E6%9C%8D%E5%83%8F%E3%80%8B.jpg,https://upload.wikimedia.org/wikipedia/commons/thumb/d/db/%E3%80%8A%E5%92%B8%E4%B8%B0%E7%9A%87%E5%B8%9D%E6%9C%9D%E6%9C%8D%E5%83%8F%E3%80%8B.jpg/500px-%E3%80%8A%E5%92%B8%E4%B8%B0%E7%9A%87%E5%B8%9D%E6%9C%9D%E6%9C%8D%E5%83%8F%E3%80%8B.jpg,Public domain,绿,是,是,文件题名明确,2026-08-13,十二帝网格默认图。读书行乐图另见 QH-V-E09B。,核原作馆藏号与制作年代,默认朝服像,明黄龙袍；冬朝冠；宝座坐像,咸丰朝服像维持清宫皇帝正像传统。第二次鸦片战争、圆明园被毁等事件不会出现在朝服像中；那些必须另建事件页。此像只回答‘官方如何画这位皇帝’，不回答战争责任。,,园子烧掉那年，人已经在热河。,
QH-V-E09B,QH-E-09,爱新觉罗·奕詝,咸丰帝读书像,历史宫廷行乐图,19世纪,佚名宫廷画家,https://commons.wikimedia.org/wiki/File:Emperor_Xianfeng_reading.jpg,https://upload.wikimedia.org/wikipedia/commons/f/f4/Emperor_Xianfeng_reading.jpg,Public domain,绿,是,是,文件题名明确,2026-08-13,其他真迹。非标准朝服像。,核原作馆藏号、制作年代与场景原题,其他真迹,便服或常服；读书；室内陈设,读书像把皇帝放进书斋，强调‘勤学’姿态。它不是朝会定妆，分辨率和裁切也较低。可作为其他真迹浏览，但人物认定和原题仍须回馆藏对象页。,,,
QH-V-E10,QH-E-10,爱新觉罗·载淳,清穆宗同治皇帝朝服像,历史宫廷朝服像,19世纪,佚名宫廷画家,https://commons.wikimedia.org/wiki/File:%E6%B8%85_%E4%BD%9A%E5%90%8D_%E3%80%8A%E6%B8%85%E7%A9%86%E5%AE%97%E5%90%8C%E6%B2%BB%E7%9A%87%E5%B8%9D%E6%9C%9D%E6%9C%8D%E5%83%8F%E3%80%8B.jpg,https://upload.wikimedia.org/wikipedia/commons/thumb/c/c3/%E6%B8%85_%E4%BD%9A%E5%90%8D_%E3%80%8A%E6%B8%85%E7%A9%86%E5%AE%97%E5%90%8C%E6%B2%BB%E7%9A%87%E5%B8%9D%E6%9C%9D%E6%9C%8D%E5%83%8F%E3%80%8B.jpg/500px-%E6%B8%85_%E4%BD%9A%E5%90%8D_%E3%80%8A%E6%B8%85%E7%A9%86%E5%AE%97%E5%90%8C%E6%B2%BB%E7%9A%87%E5%B8%9D%E6%9C%9D%E6%9C%8D%E5%83%8F%E3%80%8B.jpg,Public domain,绿,是,是,文件题名明确,2026-08-13,十二帝网格默认图。写字行乐图另见 QH-V-E10B。,核原作馆藏号及画中年龄阶段,默认朝服像,明黄龙袍；冬朝冠；宝座坐像；幼帝成年后的礼仪形象,同治朝服像把一位幼年即位的皇帝画成完整的朝服坐像。它表现的是帝位，不是1861年六岁儿童的日常面貌。祺祥年号从未正式行用，更不会出现在朝服像题名中。,,帘子后面是两宫太后。,
QH-V-E10B,QH-E-10,爱新觉罗·载淳,同治帝写字像,历史宫廷行乐图,19世纪,佚名宫廷画家,https://commons.wikimedia.org/wiki/File:Emperor_Tongzhi_writing.jpg,https://upload.wikimedia.org/wikipedia/commons/7/7d/Emperor_Tongzhi_writing.jpg,Public domain,绿,是,是,文件题名明确,2026-08-13,其他真迹。非标准御容。,核原作馆藏号及画中人物认定,其他真迹,书案；书写；非朝服正像,写字像属于活动场景，不是朝服定妆。现有数字文件偏小，只适合作为对照，不适合当识别用头像。,,,
QH-V-E11,QH-E-11,爱新觉罗·载湉,清德宗光绪皇帝朝服像,历史宫廷朝服像,晚清,佚名宫廷画家,https://commons.wikimedia.org/wiki/File:Emperor_Guangxu.jpg,https://upload.wikimedia.org/wikipedia/commons/thumb/8/8e/Emperor_Guangxu.jpg/500px-Emperor_Guangxu.jpg,Public domain,绿,是,是,文件题名明确,2026-08-13,十二帝网格默认图。常服历史照片另见 QH-V-E11B。,核原作馆藏号、绘制年代与是否为晚年御容,默认朝服像,明黄龙袍；冬朝冠；宝座坐像；绘画而非照片,光绪仍有传统朝服轴，说明清宫到二十世纪初仍用绘画制作皇帝正像。与1906年常服照片对照：朝服像是礼仪绘画，照片才是光学记录。两张都不能单独说明戊戌或庚子的政治决策。,,戊戌那一百天，他想自己管事。,
QH-V-E11B,QH-E-11,爱新觉罗·载湉,光绪帝常服照片,历史照片,1906-04-30,Charles Denby,https://commons.wikimedia.org/wiki/File:Emperor_Guangxu_in_Ordinary_Clothes.jpg,https://upload.wikimedia.org/wikipedia/commons/thumb/5/59/Emperor_Guangxu_in_Ordinary_Clothes.jpg/500px-Emperor_Guangxu_in_Ordinary_Clothes.jpg,Public domain,绿,是,是,文件题名明确,2026-08-13,其他真迹。真实照片，但不是朝服定妆。来源注明 China and her people。,核出版物具体版次页码与拍摄者身份,其他真迹,照片；常服；1906年；光学记录,这是目前可见的光绪真实照片之一，穿常服而非明黄朝袍。它比朝服轴更接近容貌记录，但拍摄场合、修整和出版物裁切都要另核。默认头像仍用朝服像，以保持十二帝识别系统一致；点进人物页可看这张照片。,,,
QH-V-E12,QH-E-12,爱新觉罗·溥仪,宣统帝朝服照片,历史照片,二十世纪前期；文件页说明指向复辟朝服照,佚名摄影师,https://commons.wikimedia.org/wiki/File:Xuantong.jpg,https://upload.wikimedia.org/wikipedia/commons/c/ca/Xuantong.jpg,Public domain,绿,是,是,文件题名作宣统帝；来源说明或为复辟朝服照,2026-08-13,十二帝网格默认图。溥仪没有与前十一帝同系列的清宫朝服轴，故用朝服照片代替。不得标为1908—1912在位期御照，除非另有日期证据。,区分1908—1912在位照、1917复辟照与退位后小朝廷照,默认朝服像,明黄龙袍；朝冠；照片；幼年或少年容貌；时态待核,清宫未给溥仪留下与康雍乾同系列的大幅朝服轴。这张照片让他穿着明黄龙袍和朝冠，视觉上最接近‘黄色定妆’，但文件页同时出现‘宣统帝’与‘复辟朝服照’两种说法。1917年张勋复辟时溥仪已退位五年，故此照最多证明‘有人拍过他穿朝服’，不能默认成在位期官方定妆。退位后紫禁城生活照见 QH-V-E12B。,,退位那年，还是个孩子。,
QH-V-E12B,QH-E-12,爱新觉罗·溥仪,溥仪在紫禁城,历史照片,1914—1924,作者未明,https://commons.wikimedia.org/wiki/File:Puyi_in_the_Forbidden_City.jpg,https://upload.wikimedia.org/wikipedia/commons/6/67/Puyi_in_the_Forbidden_City.jpg,Public domain,绿,是,是,文件题名明确,2026-08-13,其他真迹。退位后小朝廷时期照片，不可误标为清朝在位期御照。,继续寻找并核验1908—1912在位期照片,其他真迹,照片；退位后；紫禁城；常服或便装,摄于清帝退位之后、仍居紫禁城的小朝廷时期。服装不是朝会龙袍，场景是宫廷生活而非朝会。它是真实历史照片，但时间属于1912年以后，不能用来代表宣统在位的官方形象。,,,
QH-V-E01C,QH-E-01,爱新觉罗·努尔哈赤,明金战争图（或与萨尔浒相关的后世战争画）,后世历史画,待核,佚名,https://commons.wikimedia.org/wiki/File:Minggunbattle.jpg,https://upload.wikimedia.org/wikipedia/commons/thumb/4/40/Minggunbattle.jpg/500px-Minggunbattle.jpg,Public domain,绿,是,是,战争场景明确；是否即萨尔浒待核,2026-08-13,相关史迹视觉。不是战场遗址照片，也不是同时代战报附图。,文件题名未写萨尔浒，须对照图说与战役地标后再决定是否升级为萨尔浒专图,相关史迹,明金战争；火器；后世画；非遗址照片,此图表现明军与后金/清军交战，常见于萨尔浒叙事插图，但文件页并未标明具体战役。它只能说明后人对这场战争的想象，不能当1619年现场记录。萨尔浒主战场在抚顺大伙房水库一带，不是新宾兴京。今地另见今地条。,,,
QH-V-E01D,QH-E-01,爱新觉罗·努尔哈赤,新宾兴京一带今貌（赫图阿拉/兴京周边）,现代地景照片,21世纪,见 Commons 文件页,"https://commons.wikimedia.org/wiki/File:Views_from_Xingjing_Bridge,_Xinbin.jpg",https://upload.wikimedia.org/wikipedia/commons/thumb/9/95/Views_from_Xingjing_Bridge%2C_Xinbin.jpg/500px-Views_from_Xingjing_Bridge%2C_Xinbin.jpg,CC0,绿,是,是,地点在新宾兴京，接近赫图阿拉故地；不是萨尔浒古战场定点照片,2026-08-13,相关史迹。现代地貌，不能倒推1619年战场。CC0。,萨尔浒主战场今地已另立条；仍须核萨尔浒城、界藩城坐标与乾隆萨尔浒碑现存位置,相关史迹,兴京；新宾；赫图阿拉周边；现代照片,赫图阿拉是努尔哈赤起兵后的重要驻地，兴京即其地理记忆。这张照片拍的是今日新宾兴京桥一带，可帮助定位，但河流、植被和建筑都是现代层。萨尔浒主战场在抚顺大伙房水库一带，不是这张兴京桥。今地已另立条。,,,
QH-V-E01E,QH-E-01,爱新觉罗·努尔哈赤,乾隆御制《太祖大破明师于萨尔浒山之战书事》,御制史论文本,乾隆四十一年前后,爱新觉罗·弘历撰；永璇等有书册传本,https://digitalarchive.npm.gov.tw/Collection/Detail/1545?dep=P,,馆藏数字影像待逐项核权,黄,仅保存自建录文与书目,仅外链,文本为乾隆追述开国之战，不是努尔哈赤同时代战报,2026-08-13,黄色资源：只展示短引文和外链，不嵌入台北故宫高清图。,沈阳故宫所藏萨尔浒碑现状与拓本权利,相关史迹,乾隆追述；萨尔浒；御制文；非努尔哈赤亲笔,这是乾隆对萨尔浒之战的官方再叙述，用来塑造开国记忆，不是1619年的原始军报。,御制己未岁我太祖大破明师于萨尔浒山之战书事。盖闻国之将兴必有祯祥。然祯祥之赐由乎天而致。天之赐则由乎人。予小子于己未岁我太祖大破明师于萨尔浒之战，益信此理之不爽也。,,
QH-V-E03C,QH-E-03,爱新觉罗·福临,摄政王多尔衮令旨,清初官方文书,顺治初年,摄政王多尔衮衙署,https://commons.wikimedia.org/wiki/File:%E6%91%84%E6%94%BF%E7%8E%8B%E5%A4%9A%E5%B0%94%E8%A1%AE%E4%B8%8B%E5%8F%91%E7%9A%84%E4%BB%A4%E6%97%A8.jpg,https://upload.wikimedia.org/wikipedia/commons/thumb/9/9d/%E6%91%84%E6%94%BF%E7%8E%8B%E5%A4%9A%E5%B0%94%E8%A1%AE%E4%B8%8B%E5%8F%91%E7%9A%84%E4%BB%A4%E6%97%A8.jpg/500px-%E6%91%84%E6%94%BF%E7%8E%8B%E5%A4%9A%E5%B0%94%E8%A1%AE%E4%B8%8B%E5%8F%91%E7%9A%84%E4%BB%A4%E6%97%A8.jpg,Public domain,绿,是,是,文件题名为多尔衮令旨；不是顺治帝朱批,2026-08-13,相关文书。幼帝时期军政文书常由摄政王发出，不得标成皇帝亲批。,核档号、收文对象与发布时间,奏折朱批,令旨；摄政王；满汉文；非皇帝朱批,顺治即位时尚幼，多尔衮以摄政王发令旨。这件文书说明清初权力结构，但不能当作福临亲笔朱批。朱批奏折制度要到康熙以后才稳定成型。,此件为摄政王令旨，不是皇帝朱批。释文须按原件满汉文逐行校对后再登录；目前只展示图像与制度说明。,,
QH-V-E04C,QH-E-04,爱新觉罗·玄烨,康熙御书兰亭碑,御笔碑刻,康熙年间书；今存碑刻,玄烨书；照片依 Commons 文件页署名,https://commons.wikimedia.org/wiki/File:Kangxi_Lanting_tablet.JPG,https://upload.wikimedia.org/wikipedia/commons/thumb/d/d8/Kangxi_Lanting_tablet.JPG/500px-Kangxi_Lanting_tablet.JPG,CC BY 3.0,绿,是,是,碑刻题为康熙御书兰亭系统,2026-08-13,御笔书法。照片依 CC BY 3.0 署名 Commons 文件页作者。碑刻是复制传播层，须与纸本墨迹区分。,核立碑地点、底本与是否为康熙亲笔上石,御笔书法,行书；兰亭；碑刻；御书,康熙多次临《兰亭》，此为碑刻传本。书法可见皇帝以二王传统自我塑造，但不能把每一处‘康熙御笔’匾额都当成同一天、同一稿。照片许可是 CC BY，须保留拍摄者署名。,碑文为《兰亭序》临写系统，全文以原石为准。此处不整篇录文，避免把碑刻拓本与王羲之原文层混为一谈。,,
QH-V-E04D,QH-E-04,爱新觉罗·玄烨,康熙朝宫中档奏折（原件入口）,朱批奏折原件,康熙朝,具奏官员；玄烨朱批,https://qingarchives.npm.edu.tw/index.php?act=Display/image/32306oS0k=kU,,馆藏影像待逐项核权,黄,仅保存档号与短引文,仅外链,台北故宫清档系统可检索康熙朝奏折；本条不嵌入原图,2026-08-13,黄色资源。能浏览不等于可复制。点原站核原折与朱批。,为康雍样本选定10件高优先级折件并逐件登录档号,奏折朱批,宫中档；朱批；原件外链；不镜像,康熙朝已经常用奏折朱批。朱笔批在折面、折尾或贴黄。,常见朱批形态包括「览」「知道了」及针对该折的具体指示。在未打开指定原折前，不把通行概括写成某件奏折的全文。,,
QH-V-E05C,QH-E-05,爱新觉罗·胤禛,雍正朱批谕旨（刻本转引）与宫中档原件入口,朱批奏折／官刻汇编,雍正朝原批；乾隆朝有刻本流传,具奏官员；胤禛朱批,https://qingarchives.npm.edu.tw/index.php?act=Landing%2Finformation,,原件影像待逐项核权；刻本文本可作公版线索,黄,仅保存短引文与书目,仅外链,朱批谕旨是选编本，不等于宫中档全宗,2026-08-13,黄色资源。原件图像外链；刻本只作发现和短引。,选年羹尧、鄂尔泰等折各一件做原件回查,奏折朱批,朱批；朱批谕旨刻本；宫中档；选编不等于全档,雍正以朱批控制信息最出名。《朱批谕旨》是后来选刻的，有删选。要看某件原批，得回宫中档原折。,朱批最常见者仅「览」或「知道了」，长批则针对该折人事、军需或心术。因尚未指定并打开某一原折，此处不伪造具体长批全文。请在台北故宫清档系统按人名、时间检索原件。,,
QH-V-E06B,QH-E-06,爱新觉罗·弘历,乾隆帝佛装像,宫廷宗教化身像,约1758,佚名,https://commons.wikimedia.org/wiki/File:The_Qianlong_Emperor_in_Buddhist_Dress.jpg,https://upload.wikimedia.org/wikipedia/commons/thumb/f/f8/The_Qianlong_Emperor_in_Buddhist_Dress.jpg/500px-The_Qianlong_Emperor_in_Buddhist_Dress.jpg,Public domain,绿,是,是,文件题名明确为乾隆佛装像,2026-08-13,其他真迹。不是朝服定妆，也不是普通生活照。,核普宁寺系统与满汉蒙藏题记,其他真迹,佛装；唐卡；多语题记；宗教化身,乾隆以转轮王/文殊化身入画，是统治藏传佛教世界的视觉政治，不是便装写真。默认头像仍用朝服像。,,,
QH-V-E06C,QH-E-06,爱新觉罗·弘历,乾隆帝狩猎图,宫廷行乐/狩猎图,乾隆时期,清宫画家,https://commons.wikimedia.org/wiki/File:Qianlong_emperor_hunting.jpg,https://upload.wikimedia.org/wikipedia/commons/thumb/8/88/Qianlong_emperor_hunting.jpg/500px-Qianlong_emperor_hunting.jpg,Public domain,绿,是,是,文件题名明确,2026-08-13,其他真迹。木兰秋狝视觉，不是朝会定妆。,核具体图卷名、地点与是否为郎世宁系统,其他真迹,狩猎；骑射；行乐；非朝服,狩猎图把皇帝画成马上弯弓的满洲统治者，用来平衡朝服像的汉式礼仪面孔。它仍是宫廷制作，不是新闻摄影。,,,
QH-V-E06D,QH-E-06,爱新觉罗·弘历,乾隆帝戎装骑马像,宫廷戎装像,乾隆时期,郎世宁传统,https://commons.wikimedia.org/wiki/File:The_Qianlong_Emperor_in_Ceremonial_Armour_on_Horseback.jpg,https://upload.wikimedia.org/wikipedia/commons/thumb/d/d4/The_Qianlong_Emperor_in_Ceremonial_Armour_on_Horseback.jpg/500px-The_Qianlong_Emperor_in_Ceremonial_Armour_on_Horseback.jpg,Public domain,绿,是,是,文件题名明确,2026-08-13,其他真迹。大阅/戎装礼仪像。,核原作馆藏与是否为大阅图之一,其他真迹,盔甲；骑马；大阅；西洋画法,戎装骑马像展示兵权与满洲武功，和明黄朝服像是一套身份的两面。面部写实来自郎世宁系统，仍是礼仪绘画。,,,
QH-V-E06E,QH-E-06,爱新觉罗·弘历,乾隆御书兰亭碑,御笔碑刻,乾隆年间书；今存碑刻,弘历书；照片依 Commons 文件页署名,https://commons.wikimedia.org/wiki/File:Emperor_Qianlong_Lanting.JPG,https://upload.wikimedia.org/wikipedia/commons/thumb/a/a1/Emperor_Qianlong_Lanting.JPG/500px-Emperor_Qianlong_Lanting.JPG,CC BY 3.0,绿,是,是,碑刻题为乾隆御书兰亭系统,2026-08-13,御笔书法。照片依 CC BY 3.0 署名。,核立碑地点与底本,御笔书法,行书；兰亭；碑刻；御书,乾隆大量题跋、临帖、刻石。此碑是御书传播层，不是某一通纸本手卷本身。与朝服像并列，可看到皇帝同时经营武功、佛装和书圣谱系。,碑文为《兰亭序》临写系统。不在此整篇录文。,,
QH-V-E06F,QH-E-06,爱新觉罗·弘历,乾隆御制萨尔浒之战书事（文本）,御制史论／法书底本,乾隆四十一年前后,爱新觉罗·弘历,https://digitalarchive.npm.gov.tw/Collection/Detail/1545?dep=P,,馆藏数字影像待逐项核权,黄,仅保存短引文,仅外链,文本作者为乾隆；书册传本有永璇书写,2026-08-13,黄色资源。短引文可展示，高清书页外链台北故宫。,对照《清高宗实录》与沈阳萨尔浒碑,御笔书法,御制文；萨尔浒；追述开国；法书,乾隆不但写战争，还立碑。这是对努尔哈赤萨尔浒之战的又一次官方记忆。,御制己未岁我太祖大破明师于萨尔浒山之战书事。盖闻国之将兴必有祯祥。然祯祥之赐由乎天而致。天之赐则由乎人。予小子于己未岁我太祖大破明师于萨尔浒之战，益信此理之不爽也。己未二月，明帝命杨镐、杜松、刘綎等统兵二十万号四十万来攻。,,
QH-V-E06G,QH-E-06,爱新觉罗·弘历,乾隆朝宫中档奏折（原件入口）,朱批奏折原件,乾隆朝,具奏官员；弘历朱批,https://qingarchives.npm.edu.tw/index.php?act=Landing%2Finformation,,馆藏影像待逐项核权,黄,仅保存档号与短引文,仅外链,台北故宫清档系统可检索乾隆朝奏折；本条不嵌入原图,2026-08-13,黄色资源。能浏览不等于可复制。点原站核原折与朱批。,为乾隆朝选定若干高优先级折件并逐件登录档号与朱批全文,奏折朱批,宫中档；朱批；原件外链；不镜像,乾隆朝宫中档数量极大。具体某折的朱批，要打开原件看。,常见朱批形态包括「览」「知道了」及针对该折的具体指示。在未打开指定原折前，不编造某件奏折的朱批全文。请在台北故宫清档系统按人名、时间检索原件。,,
QH-V-E04E,QH-E-04,爱新觉罗·玄烨,康熙行书九日对菊诗轴,御笔纸本,康熙年间,玄烨,https://commons.wikimedia.org/wiki/File:%E7%8E%84%E7%83%A8%E8%A1%8C%E4%B9%A6%E4%B9%9D%E6%97%A5%E5%AF%B9%E8%8F%8A%E8%AF%97%E8%BD%B4.png,https://upload.wikimedia.org/wikipedia/commons/thumb/e/e9/%E7%8E%84%E7%83%A8%E8%A1%8C%E4%B9%A6%E4%B9%9D%E6%97%A5%E5%AF%B9%E8%8F%8A%E8%AF%97%E8%BD%B4.png/960px-%E7%8E%84%E7%83%A8%E8%A1%8C%E4%B9%A6%E4%B9%9D%E6%97%A5%E5%AF%B9%E8%8F%8A%E8%AF%97%E8%BD%B4.png,Public domain,绿,是,是,文件题名作玄烨行书九日对菊诗轴,2026-08-13,御笔书法。纸本立轴，不是碑刻。,馆藏号、书写年份与诗题原文,御笔书法,行书；纸本；九日对菊；立轴,朝服像是坐着的。这张是他写字。重阳对菊是很常见的题目，墨迹比兰亭碑更接近手稿。碑是刻出来的，纸上才是这一笔。,文件题《九日对菊》诗轴。全文以轴上墨迹为准，此处不整篇录。,,
QH-V-E05D,QH-E-05,爱新觉罗·胤禛,雍正行书苏轼赤壁怀古词轴,御笔纸本,雍正年间,胤禛,https://commons.wikimedia.org/wiki/File:%E8%83%A4%E7%A6%9B%E8%A1%8C%E4%B9%A6%E8%8B%8F%E8%BD%BC%E8%B5%A4%E5%A3%81%E6%80%80%E5%8F%A4%E8%AF%8D%E8%BD%B4.png,https://upload.wikimedia.org/wikipedia/commons/thumb/9/97/%E8%83%A4%E7%A6%9B%E8%A1%8C%E4%B9%A6%E8%8B%8F%E8%BD%BC%E8%B5%A4%E5%A3%81%E6%80%80%E5%8F%A4%E8%AF%8D%E8%BD%B4.png/960px-%E8%83%A4%E7%A6%9B%E8%A1%8C%E4%B9%A6%E8%8B%8F%E8%BD%BC%E8%B5%A4%E5%A3%81%E6%80%80%E5%8F%A4%E8%AF%8D%E8%BD%B4.png,Public domain,绿,是,是,文件题名作胤禛行书苏轼赤壁怀古词轴,2026-08-13,御笔书法。写的是苏轼的词，不是雍正自己作的。,馆藏号与书写年份,御笔书法,行书；纸本；赤壁怀古；苏轼词,雍正以朱批出名。闲下来这张轴写的是「大江东去」。词是苏轼的，字是胤禛的。不要把这张轴读成他在赤壁打过仗。,临苏轼《念奴娇·赤壁怀古》。开篇「大江东去」是苏轼原词。全文以轴为准。,,
QH-V-E05E,QH-E-05,爱新觉罗·胤禛,雍正御笔「中正仁和」匾,御笔匾额照片,雍正年间书；照片2007,胤禛书；Gisling 摄影,https://commons.wikimedia.org/wiki/File:%E9%9B%8D%E6%AD%A3%E5%BE%A1%E7%AC%94%E4%B8%AD%E6%AD%A3%E4%BB%81%E5%92%8C%E5%8C%BE.JPG,https://upload.wikimedia.org/wikipedia/commons/7/72/%E9%9B%8D%E6%AD%A3%E5%BE%A1%E7%AC%94%E4%B8%AD%E6%AD%A3%E4%BB%81%E5%92%8C%E5%8C%BE.JPG,CC BY-SA 3.0,绿,是,是,文件题雍正御笔中正仁和匾,2026-08-13,御笔匾额。养心殿常见四字。照片须署名。,原匾是否仍在养心殿原位,御笔书法,匾额；中正仁和；养心殿；四字,四个字挂在养心殿里，是他给自己定的调门。朱批是私下写给大臣的，匾是每天抬头看见的。,中正仁和,,
QH-V-E06H,QH-E-06,爱新觉罗·弘历,乾隆行书「三希堂」匾,御笔匾额,乾隆年间,弘历,https://commons.wikimedia.org/wiki/File:%E5%BC%98%E5%8E%86%E8%A1%8C%E4%B9%A6%22%E4%B8%89%E5%B8%8C%E5%A0%82%22%E4%B8%89%E5%AD%97%E5%8C%BE.png,https://upload.wikimedia.org/wikipedia/commons/thumb/1/10/%E5%BC%98%E5%8E%86%E8%A1%8C%E4%B9%A6%22%E4%B8%89%E5%B8%8C%E5%A0%82%22%E4%B8%89%E5%AD%97%E5%8C%BE.png/960px-%E5%BC%98%E5%8E%86%E8%A1%8C%E4%B9%A6%22%E4%B8%89%E5%B8%8C%E5%A0%82%22%E4%B8%89%E5%AD%97%E5%8C%BE.png,Public domain,绿,是,是,文件题名作弘历行书三希堂三字匾,2026-08-13,御笔。三希堂因收藏三件法书得名。,原匾位置与三希法书的对应,御笔书法,行书；三希堂；三字匾,就三个字。他把自己最看重的三件法书，收进这个名字里。兰亭碑是临古人，这三字是给自己的书房命名。,三希堂,,
QH-V-E07B,QH-E-07,爱新觉罗·颙琰,嘉庆朝朱批奏折,朱批奏折,嘉庆朝,具奏官员；颙琰朱批,https://commons.wikimedia.org/wiki/File:%E6%B8%85%E6%9C%9D%E7%9A%87%E5%B8%9D%E7%A1%83%E6%89%B9%E5%A5%8F%E6%91%BA_-_Jiaqing_Emperor.jpg,https://upload.wikimedia.org/wikipedia/commons/4/42/%E6%B8%85%E6%9C%9D%E7%9A%87%E5%B8%9D%E7%A1%83%E6%89%B9%E5%A5%8F%E6%91%BA_-_Jiaqing_Emperor.jpg,Public domain,绿,是,是,文件页标为嘉庆朝朱批奏折；档号待核,2026-08-13,朱批原件照片。红笔是皇帝的，黑字是臣工的。,档号、具奏人、朱批全文,奏折朱批,朱批；红笔；奏折；嘉庆,朝服读不出训政，也读不出诛和珅。折子上的红笔，才是他每天在干的事。具体批了哪几个字，对着图读，不在这里编。,朱笔批在折面。具体字以原件为准。常见只有「览」「知道了」。,,
QH-V-E08C,QH-E-08,爱新觉罗·旻宁,道光朝朱批奏折,朱批奏折,道光朝,具奏官员；旻宁朱批,https://commons.wikimedia.org/wiki/File:%E6%B8%85%E6%9C%9D%E7%9A%87%E5%B8%9D%E7%A1%83%E6%89%B9%E5%A5%8F%E6%91%BA_-_Daoguang_Emperor_01.jpg,https://upload.wikimedia.org/wikipedia/commons/5/56/%E6%B8%85%E6%9C%9D%E7%9A%87%E5%B8%9D%E7%A1%83%E6%89%B9%E5%A5%8F%E6%91%BA_-_Daoguang_Emperor_01.jpg,Public domain,绿,是,是,文件页标为道光朝朱批奏折；档号待核,2026-08-13,朱批原件照片。红笔是皇帝的。,档号、具奏人、朱批全文,奏折朱批,朱批；红笔；奏折；道光,朝服是定妆。园居像是生活。红笔才是他每天在折子上留下的字。禁烟、条约不在这张折的题名里，要对着档号另查。,朱笔批在折面。具体字以原件为准。,,
QH-V-E09C,QH-E-09,爱新觉罗·奕詝,咸丰朝朱批奏折,朱批奏折,咸丰朝,具奏官员；奕詝朱批,https://commons.wikimedia.org/wiki/File:%E6%B8%85%E6%9C%9D%E7%9A%87%E5%B8%9D%E7%A1%83%E6%89%B9%E5%A5%8F%E6%91%BA_-_Xianfeng_Emperor_01.jpg,https://upload.wikimedia.org/wikipedia/commons/c/c0/%E6%B8%85%E6%9C%9D%E7%9A%87%E5%B8%9D%E7%A1%83%E6%89%B9%E5%A5%8F%E6%91%BA_-_Xianfeng_Emperor_01.jpg,Public domain,绿,是,是,文件页标为咸丰朝朱批奏折；档号待核,2026-08-13,朱批原件照片。,档号、具奏人、朱批全文,奏折朱批,朱批；红笔；奏折；咸丰,朝服里没有圆明园。折子上才有军务和日常。红笔是他的，不要把后来的评价写进这几个字里。,朱笔批在折面。具体字以原件为准。,,
QH-V-E10C,QH-E-10,爱新觉罗·载淳,载湉入承大统诏（同治十三年）,上谕／诏书,1874,清廷,https://commons.wikimedia.org/wiki/File:Edict_of_Tongzhi_Emperor_in_1874.jpg,https://upload.wikimedia.org/wikipedia/commons/thumb/2/2f/Edict_of_Tongzhi_Emperor_in_1874.jpg/960px-Edict_of_Tongzhi_Emperor_in_1874.jpg,Public domain,绿,是,是,文件中文题「载湉入承大统诏」；同治十三年,2026-08-13,诏书原件照片。不是同治亲笔诗稿，是朝廷文书。,原件档号；两宫懿旨与诏书形成过程,奏折朱批,诏书；入承大统；载湉；同治十三年,同治没有儿子。这份诏让堂弟载湉来当皇帝，也就是后来的光绪。六岁皇帝的朝服像读不出这件事，文书里才有。,文件题「载湉入承大统诏」。全文以原件为准。,,
QH-V-E11C,QH-E-11,爱新觉罗·载湉,光绪朝朱批奏折,朱批奏折,光绪朝,具奏官员；载湉朱批,https://commons.wikimedia.org/wiki/File:%E6%B8%85%E6%9C%9D%E7%9A%87%E5%B8%9D%E7%A1%83%E6%89%B9%E5%A5%8F%E6%91%BA_-_Guangxu_Emperor_01.jpg,https://upload.wikimedia.org/wikipedia/commons/1/1f/%E6%B8%85%E6%9C%9D%E7%9A%87%E5%B8%9D%E7%A1%83%E6%89%B9%E5%A5%8F%E6%91%BA_-_Guangxu_Emperor_01.jpg,Public domain,绿,是,是,文件页标为光绪朝朱批奏折；档号待核,2026-08-13,朱批原件照片。亲政前后的批笔须另核。,档号、具奏人、是否亲政期亲批,奏折朱批,朱批；红笔；奏折；光绪,朝服仍是绘画。常服照片是容貌。红笔才是日常批折。戊戌、庚子不会写在这张折的题名上。,朱笔批在折面。具体字以原件为准。,,
QH-V-E11D,QH-E-11,爱新觉罗·载湉,兴学育才上谕（光绪年间）,上谕陈列照片,光绪年间文书；照片2023,清廷；Windmemories 摄影,https://commons.wikimedia.org/wiki/File:20230217_Imperial_Edict_for_Establishing_Schools_and_Cultivating_Talents.jpg,https://upload.wikimedia.org/wikipedia/commons/thumb/d/d9/20230217_Imperial_Edict_for_Establishing_Schools_and_Cultivating_Talents.jpg/960px-20230217_Imperial_Edict_for_Establishing_Schools_and_Cultivating_Talents.jpg,CC BY-SA 4.0,绿,是,是,文件题兴学育才上谕；光绪年间新政文书,2026-08-13,陈列中的上谕照片。朝廷文书，不一定是载湉亲笔。,原件年代、是否光绪亲笔、与学堂章程的对应,奏折朱批,上谕；兴学；新政；诏书形制,看见的是「诏」长什么样：黄纸、满汉文、印。兴学堂是新政里的事。谁执笔、太后当时管到哪一步，不能从这张陈列照读出来。,兴学育才类上谕。全文以原件为准。,,
QH-V-E12C,QH-E-12,爱新觉罗·溥仪,清帝退位诏书（文本）,退位诏书文本,1912-02-12,清廷；隆裕太后懿旨系统,https://zh.wikisource.org/wiki/%E6%B8%85%E5%B8%9D%E9%80%80%E4%BD%8D%E8%AF%8A%E4%B9%A6,,Public domain,黄,仅保存短引文,仅外链,通行文本见维基文库；原件照片待核权后另挂,2026-08-13,黄色资源。先读文本。原件手稿照片还没找到可嵌入的绿图。,原件藏地与可嵌入照片；满汉文本差异,奏折朱批,退位诏书；1912；懿旨；文本,清朝最后一份诏。六岁即位的人，退位时仍是孩子。诏用隆裕太后懿旨的口气，不是他本人起草的手稿。,朕钦奉隆裕皇太后懿旨：前因民军起事，各省响应……特率皇帝将统治权公诸全国，定为共和立宪国体。全文见维基文库，以原件为准。,,
QH-V-E04F,QH-E-04,爱新觉罗·玄烨,康熙南巡图卷七局部（无锡至苏州）,宫廷纪行长卷局部,康熙中后期；王翚等绘,王翚等,https://commons.wikimedia.org/wiki/File:%E5%BA%B7%E7%86%99%E5%8D%97%E5%B7%A1%E5%9B%BE%E7%AC%AC%E4%B8%83%E5%8D%B7%E5%B1%80%E9%83%A8.jpg,https://upload.wikimedia.org/wikipedia/commons/thumb/7/79/%E5%BA%B7%E7%86%99%E5%8D%97%E5%B7%A1%E5%9B%BE%E7%AC%AC%E4%B8%83%E5%8D%B7%E5%B1%80%E9%83%A8.jpg/960px-%E5%BA%B7%E7%86%99%E5%8D%97%E5%B7%A1%E5%9B%BE%E7%AC%AC%E4%B8%83%E5%8D%B7%E5%B1%80%E9%83%A8.jpg,Public domain,绿,是,是,文件题为南巡图卷七局部；皇帝本人在长卷里往往只是行列中的一点,2026-08-13,其他真迹。王翚等绘南巡长卷的局部。不是朝服定妆，也不能当成某一天的写生新闻。,此局部对应全卷哪一段、画中御舟/仪仗是否可指认康熙本人,其他真迹,南巡；长卷；王翚；仪仗与河岸；非近身肖像,朝服像是坐在宝座上。这张长卷把他放进路上：河、船、城、人。康熙六次南巡，宫廷后来画成十二卷。局部只能说明‘有这么一套纪行画’，不能当成某年某日的现场速写。人在画里往往很小。,,朝服是坐着的。这张长卷里，他在路上。,
QH-V-E04G,QH-E-04,爱新觉罗·玄烨,康熙帝马上出行像,宫廷出行/戎装骑马像,康熙时期或稍后,佚名宫廷画家,https://commons.wikimedia.org/wiki/File:The_Emperor_travelling_on_horse.jpg,https://upload.wikimedia.org/wikipedia/commons/thumb/0/03/The_Emperor_travelling_on_horse.jpg/960px-The_Emperor_travelling_on_horse.jpg,Public domain,绿,是,是,文件页标为康熙马上出行；原作馆藏与画题待核,2026-08-13,其他真迹。马上出行，不是朝会坐像。人物认定目前主要依据文件题名。,原作馆藏号、画题，以及是否与木兰/巡幸图系统为同一稿,其他真迹,骑马；出行；侍从；非朝服坐像,朝服是宝座。这张是马背上。侍从、旗帜和地形说明它是出行或巡幸视觉，用来补‘满洲皇帝也会上路’这一面。它仍是宫廷制作，不是某次出巡的照片。,,朝服是宝座。这张是马背上。,
QH-V-E04H,QH-E-04,爱新觉罗·玄烨,康熙五十七年两广总督杨琳奏十三行事,奏折原件照片,康熙五十七年,杨琳具奏；玄烨朱批,https://commons.wikimedia.org/wiki/File:%E5%BA%B7%E7%86%99%E4%BA%94%E5%8D%81%E4%B8%83%E5%B9%B4%E5%85%A9%E5%BB%A3%E7%B8%BD%E7%9D%A3%E6%A5%8A%E7%90%B3%E9%97%9C%E6%96%BC%E5%8D%81%E4%B8%89%E8%A1%8C%E7%9A%84%E5%A5%8F%E6%8A%98.jpg,https://upload.wikimedia.org/wikipedia/commons/thumb/3/39/%E5%BA%B7%E7%86%99%E4%BA%94%E5%8D%81%E4%B8%83%E5%B9%B4%E5%85%A9%E5%BB%A3%E7%B8%BD%E7%9D%A3%E6%A5%8A%E7%90%B3%E9%97%9C%E6%96%BC%E5%8D%81%E4%B8%89%E8%A1%8C%E7%9A%84%E5%A5%8F%E6%8A%98.jpg/960px-%E5%BA%B7%E7%86%99%E4%BA%94%E5%8D%81%E4%B8%83%E5%B9%B4%E5%85%A9%E5%BB%A3%E7%B8%BD%E7%9D%A3%E6%A5%8A%E7%90%B3%E9%97%9C%E6%96%BC%E5%8D%81%E4%B8%89%E8%A1%8C%E7%9A%84%E5%A5%8F%E6%8A%98.jpg,Public domain,绿,是,是,文件题康熙五十七年杨琳奏十三行；广州市国家档案馆公布件,2026-08-13,朱批奏折原件照片。黑字是总督写的。红笔才是皇帝批的。具体朱批文字对着原件读，不在这里臆录。,档号、朱批全文、与粤海关/十三行制度条文的对应,奏折朱批,奏折；十三行；两广总督杨琳；康熙五十七年；朱笔,朝服读不出广东的买卖。这件折子把十三行写进了康熙朝的日常。折子是臣工的，红笔才是玄烨留下的字。广州公布的是原件照片，不是后来的刻本。,康熙五十七年，两广总督杨琳奏广东十三行事。朱笔批在折面。具体字以原件为准，此处不臆录。,朝服读不出十三行。折子上才有广东的买卖。,
QH-V-E05F,QH-E-05,爱新觉罗·胤禛,雍正帝洋装猎虎图,宫廷扮装/行乐图,雍正年间；照片依 Commons 文件页,佚名宫廷画家；照片见 Commons 文件页,https://commons.wikimedia.org/wiki/File:Portrait_de_l%27empereur_Yongzheng_en_costume_europ%C3%A9en.jpg,https://upload.wikimedia.org/wikipedia/commons/c/c2/Portrait_de_l%27empereur_Yongzheng_en_costume_europ%C3%A9en.jpg,CC BY-SA 4.0,绿,是,是,文件题雍正洋装猎虎；属行乐图册系统,2026-08-13,其他真迹。不是朝服定妆。照片许可是 CC BY-SA 4.0，须按 Commons 文件页署名。,对应行乐图册哪一开、原作馆藏号,其他真迹,洋装；猎虎；扮装；行乐图,朝服是龙袍。这张开里他穿着洋装打虎。宫廷允许皇帝被画成道士、洋人、猎手，那是趣味和自我形象实验，不能拿来说明他真的去欧洲打过猎。默认头像仍用朝服。,,朝服是龙袍。这张开里他穿着洋装打虎。,
QH-V-E05G,QH-E-05,爱新觉罗·胤禛,《硃批谕旨》御制序（雍正十年三月初一日）,官刻汇编卷首谕旨,雍正十年三月初一日；乾隆三年刻本告成,胤禛,https://zh.wikisource.org/wiki/%E7%A1%83%E6%89%B9%E8%AB%AD%E3%AB%96_(%E5%9B%9B%E5%BA%AB%E5%85%A8%E6%9B%B8%E6%9C%AC),,Public domain,黄,仅保存短引文与书目,仅外链,四库本《硃批谕旨》卷首御笔；刻本有删选，不等于宫中档全宗,2026-08-13,黄色资源。先读他自己怎么说批折。原折图像外链清档，不镜像。,序文与宫中档原折批语的异同；所选十分之二三如何取舍,奏折朱批,硃批谕旨；御制序；雍正十年；灯下批折；刻本选编,朝服读不出他每天在干什么。这篇序是他自己写给刻本的：折子封到他面前，亲自看、亲自批，不假手于人。灯下批到二鼓三鼓。后面印出来的只是缴回朱批里检出来的十分之二三，不是全部原折。,此等奏折皆本人封达朕前，朕亲自览阅亲笔批发。一字一句皆出朕之心思，无一件假手于人，亦无一人赞襄于侧。雍正六年以前，昼则延接廷臣引见官弁，傍晚观览本章，灯下批阅奏折，每至二鼓三鼓。雍正十年三月初一日御笔。据维基文库四库本《硃批谕旨》卷首。刻本有删选，不等于宫中档原折。,灯下批折，写到二鼓三鼓。他自己说没假手于人。,
QH-V-E05H,QH-E-05,爱新觉罗·胤禛,朱批孙继宗摺：所奏知道了（兼问不识字）,硃批谕旨刻本转引,雍正四年前后；乾隆刻本,孙继宗具奏；胤禛朱批,https://zh.wikisource.org/wiki/%E7%A1%83%E6%89%B9%E8%AB%AD%E3%AB%96_(%E5%9B%9B%E5%BA%AB%E5%85%A8%E6%9B%B8%E6%9C%AC)/%E5%8D%B7117,,Public domain,黄,仅保存短引文与书目,仅外链,四库本卷117著录；须对照宫中档原折后才能升级为原件,2026-08-13,黄色资源。这是刻本里的朱批，不是网上段子。原折图像仍须回清档。,宫中档原折档号、朱笔位置，以及与年羹尧案时间线的对应,奏折朱批,孙继宗；知道了；不识字；年羹尧；刻本朱批,先写知道了，再说潘之善是好员，接着问：朕近日闻尔竟不识字，折子怎么写这么顺。这是雍正批折的口气，不是后人编的毒舌段子。,所奏知道了。潘之善实系好员。朕近日闻尔竟不识字，何乃一切摺奏如此通顺妥当耶。据维基文库四库本《硃批谕旨》卷117。刻本转引，不等于宫中档原折。,先说知道了，再问你不是不识字吗，折子怎么写这么顺。,
QH-V-E06I,QH-E-06,爱新觉罗·弘历,乾隆帝文殊菩萨装像,宫廷宗教化身像,乾隆时期,郎世宁传统／清宫造办处系统,https://commons.wikimedia.org/wiki/File:Portrait_of_the_Qianlong_emperor_as_the_bodhisattva_Manjushri.jpg,https://upload.wikimedia.org/wikipedia/commons/thumb/2/29/Portrait_of_the_Qianlong_emperor_as_the_bodhisattva_Manjushri.jpg/960px-Portrait_of_the_Qianlong_emperor_as_the_bodhisattva_Manjushri.jpg,Public domain,绿,是,是,文件题乾隆为文殊；与普宁寺喇嘛装唐卡不是同一件,2026-08-13,其他真迹。文殊化身像，不是朝服定妆。佛装唐卡另见 QH-V-E06B。,馆藏号（Freer 等）、满汉蒙藏题记与制作年代,其他真迹,文殊；唐卡；化身；藏传佛教视觉政治,朝服是皇帝。这张是文殊菩萨。他要用这身装束面对藏传佛教世界。普宁寺那张喇嘛装是另一件，不要并成一张图。两张都不是生活照。,,朝服是皇帝。这张是文殊菩萨。,
QH-V-E06J,QH-E-06,爱新觉罗·弘历,乾隆帝半身冬装像,宫廷便服半身像,乾隆中年；照片依 Commons 文件页,传郎世宁；照片 ahxxm,https://commons.wikimedia.org/wiki/File:%E4%B9%BE%E9%9A%86%E5%8D%8A%E8%BA%AB%E5%86%AC%E8%A3%85%E5%83%8F-%E9%83%8E%E4%B8%96%E5%AE%81.jpg,https://upload.wikimedia.org/wikipedia/commons/thumb/2/2c/%E4%B9%BE%E9%9A%86%E5%8D%8A%E8%BA%AB%E5%86%AC%E8%A3%85%E5%83%8F-%E9%83%8E%E4%B8%96%E5%AE%81.jpg/960px-%E4%B9%BE%E9%9A%86%E5%8D%8A%E8%BA%AB%E5%86%AC%E8%A3%85%E5%83%8F-%E9%83%8E%E4%B8%96%E5%AE%81.jpg,CC BY-SA 4.0,绿,是,是,文件题乾隆半身冬装；画者与原作馆藏待核,2026-08-13,其他真迹。便服半身，不是朝袍正像。照片许可 CC BY-SA 4.0，须署名 Commons 文件页作者 ahxxm。,是否郎世宁亲笔、原作藏地、左眉细节是否原状,其他真迹,冬装；半身；便服；八字须；西洋画法,朝服是龙袍正脸。这张冬衣半身，已经蓄须。宫廷油画半身像比朝服轴更接近‘看见这个人’，仍是绘画，不是照片。左眉如何画，文件页有说法，须回原作。,,朝服是龙袍正脸。这张冬衣半身，已经蓄须。,
QH-V-E06K,QH-E-06,爱新觉罗·弘历,乾隆帝朝服像（晚年近景）,历史宫廷朝服像局部,乾隆晚期或稍后,清宫画家,https://commons.wikimedia.org/wiki/File:Portrait_of_the_Qianlong_Emperor_in_Court_Dress.jpg,https://upload.wikimedia.org/wikipedia/commons/5/59/Portrait_of_the_Qianlong_Emperor_in_Court_Dress.jpg,Public domain,绿,是,是,文件题名作朝服像；画面为腰以上近景,2026-08-13,其他真迹。半身近景，源图没有脚，不能当十二帝网格默认图。全身轴见 QH-V-E06。,与缪炳泰晚年朝服全身轴、郎世宁 1736 年轴的关系,其他真迹,明黄龙袍；冬朝冠；半身近景；无下半身；晚年容貌,袍和冠仍是朝服，人已经老了。这张从腰以上裁开，源文件里就没有脚，不是网页把下半身切掉的。网格默认改用全身轴。,,,
QH-V-E05I,QH-E-05,爱新觉罗·胤禛,雍正朱批马会伯摺（湖北巡抚马会伯奏）,朱批奏折,雍正朝（马会伯任湖北巡抚期间，确切日期待核）,胤禛朱批；马会伯具奏,https://commons.wikimedia.org/wiki/File:Palace_memorial_on_the_respectful_return_of_previous_vermilion_rescripts.jpg,https://upload.wikimedia.org/wikipedia/commons/thumb/9/96/Palace_memorial_on_the_respectful_return_of_previous_vermilion_rescripts.jpg/960px-Palace_memorial_on_the_respectful_return_of_previous_vermilion_rescripts.jpg,Public domain,绿,是,是,Commons 文件页著录作者 Yongzheng Emperor、描述湖北巡撫馬會伯奏；档号待核,2026-08-15,朱批原件照。红笔是雍正亲笔，黑字是马会伯奏。,档号、朱批全文、具奏确切日期,奏折朱批,朱批；红笔；奏折；雍正,横卷：左段红笔朱批，右段黑字奏报。朱批与奏报两层一卷可读。,朱批为雍正亲笔；全文以原件为准。,,
QH-V-E06L,QH-E-06,爱新觉罗·弘历,杨廷璋等奏进平定准部铜板图样摺,奏折,乾隆朝（平定准部铜板制作期，确切日期待核）,署理两广总督杨廷璋；粤海关监督方体浴,https://commons.wikimedia.org/wiki/File:Palace_memorial_on_the_delivery_of_four_illustrations_of_the_Victory_in_the_Pacification_of_Dzungars_and_Muslims_to_France_for_copperplate_production_3.jpg,https://upload.wikimedia.org/wikipedia/commons/thumb/b/bc/Palace_memorial_on_the_delivery_of_four_illustrations_of_the_Victory_in_the_Pacification_of_Dzungars_and_Muslims_to_France_for_copperplate_production_3.jpg/960px-Palace_memorial_on_the_delivery_of_four_illustrations_of_the_Victory_in_the_Pacification_of_Dzungars_and_Muslims_to_France_for_copperplate_production_3.jpg,Public domain,绿,是,是,Commons 文件页著录作者杨廷璋、方体浴；事涉平定准部铜板；档号待核,2026-08-15,黑字奏折原件照；「旨」起两列为引收谕，非本件朱批。,档号、确切日期、同件朱批,奏折朱批,奏折；黑字；引谕；乾隆,奏报平定准部铜板图样寄递与发刻事宜；「旨」起列为引谕。,本件未见朱批；朱批或在同件他页。,「旨」起列为引谕，不是本件朱批。,
