site_id,相关皇帝ID,相关人物ID,事件,当时,今日,今地说明,边界,卡片钩子,证据状态,权利颜色,文件页,预览文件,文件页标示许可,作者或摄影者,制作年代或摄影日期,待核问题,排序,首页,经度,纬度,图像性质分类
QH-ST-0014,QH-E-01,QH-P-000051,永陵,努尔哈赤以上四代父祖的陵。原称兴京陵，顺治十六年改永陵。就在赫图阿拉附近。,辽宁省抚顺市新宾满族自治县永陵镇。陵还在，能进去。,关外三陵里辈分最高的一座。起兵的城在隔壁赫图阿拉，祖坟在永陵镇，隔得不远，不是同一个点。,不要和沈阳福陵、河北清东陵混成一座陵。,祖坟还在新宾。起兵的老城在隔壁。,S二手索引,绿,https://commons.wikimedia.org/wiki/File:Yongling_Tomb_of_Qing_Dynasty_-_0.JPG,https://upload.wikimedia.org/wikipedia/commons/0/0a/Yongling_Tomb_of_Qing_Dynasty_-_0.JPG,CC BY-SA 3.0,Gisling,2010,顺治十六年改名永陵的实录条次；四祖葬次,10,,124.818,41.706,现代实景影像
QH-ST-0002,QH-E-01,QH-P-000051,赫图阿拉,努尔哈赤起兵后的重要驻地，后称兴京。,辽宁省抚顺市新宾满族自治县赫图阿拉城／兴京一带。,这张照片拍的是今日兴京桥一带，只供定位；河流、植被、建筑都是现代层。与萨尔浒水库不是同一个点。,不能把兴京今貌标成萨尔浒古战场。,起兵的老城还在新宾。萨尔浒那一仗不在这儿。,S二手索引,绿,"https://commons.wikimedia.org/wiki/File:Views_from_Xingjing_Bridge,_Xinbin.jpg",https://upload.wikimedia.org/wikipedia/commons/thumb/9/95/Views_from_Xingjing_Bridge%2C_Xinbin.jpg/960px-Views_from_Xingjing_Bridge%2C_Xinbin.jpg,CC0,H2v5o68z,21世纪,赫图阿拉城墙现存段落与文物点坐标,20,,125.176,41.722,现代实景影像
QH-ST-0001,QH-E-01,QH-P-000051,萨尔浒之战,1619年，明军分路来攻，后金在萨尔浒一带交战。当时两城之间是苏子河河谷。,辽宁省抚顺市大伙房水库。萨尔浒城、界藩城隔水相望，主战场多已在库区水下。,今地对照，不是战报。辽宁日报2022年记述：库区水量大时水面可淹到古城墙；两城直线约千米。萨尔浒城遗址2019年列入第八批全国重点文物保护单位。大伙房水库1950年代建成，现为沈阳、抚顺水源地。,兴京、赫图阿拉在新宾，是起兵驻地，不是这场战役的主战场。今貌不能倒推1619年地貌。战役经过须回《太祖实录》，不把风景区解说写成战史。,古战场多半已经在水下。岸上还剩两座城，隔水相望。,S二手索引,绿,https://commons.wikimedia.org/wiki/File:LIaoning_Dahuofang_%E5%A4%A7%E4%BC%99%E6%88%BF%E6%B0%B4%E5%BA%9301_-_panoramio.jpg,https://upload.wikimedia.org/wikipedia/commons/4/41/LIaoning_Dahuofang_%E5%A4%A7%E4%BC%99%E6%88%BF%E6%B0%B4%E5%BA%9301_-_panoramio.jpg,CC BY-SA 3.0,George Wenn,2007,国务院第八批名录原文；萨尔浒城、界藩城精确坐标；《太祖实录》该年条次,30,5,124.265,41.889,现代实景影像
QH-ST-0006,QH-E-01；QH-E-02,QH-P-000051；QH-P-000052,沈阳故宫,努尔哈赤迁都沈阳后建宫，皇太极扩建。入关前叫盛京，这里是汗宫、后来的陪都宫殿。,辽宁省沈阳市沈河区沈阳故宫博物院。仍在市区里，2004年列入世界遗产。,今地是博物馆，不是入关前的朝廷现场。宫还在，四周已经是沈阳街道。不要和北京故宫当成同一座宫。,营建分期、哪座殿是哪一年的，须回实录与建筑史，不把游览路线写成当时朝会路线。,入关前的宫，今天还在沈阳城里。,S二手索引,绿,https://commons.wikimedia.org/wiki/File:Mukden_Palace_drone_view_6.jpg,https://upload.wikimedia.org/wikipedia/commons/thumb/6/60/Mukden_Palace_drone_view_6.jpg/960px-Mukden_Palace_drone_view_6.jpg,CC BY-SA 4.0,Techyan,2020,大政殿、十王亭与崇政殿的营建条次；与北京故宫的制度差别,40,,123.454,41.796,现代实景影像
QH-ST-0003,QH-E-01；QH-E-02,QH-P-000051；QH-P-000052,宁远之战,天启年间宁远卫城是关外要地。袁崇焕守城、红夷大炮，后来写入明清叙事。,辽宁省葫芦岛市兴城市区。明代宁远卫城，清代改宁远州。内城城墙大体还在。,今地是一座还能走上去的明卫城，不是已经夷平的土岗。辽宁省文旅厅记其为关外仅存的卫城级军事遗存，并称宁远、宁锦之战主战场与此相关。城墙为全国重点文物保护单位。,战役日程、伤亡、炮伤与努尔哈赤死因，都尚未核到原文。城墙经过历代维修，看见的砖不是1626年原状。,当年的宁远卫城，今天还能沿着城墙走一圈。,S二手索引,绿,https://commons.wikimedia.org/wiki/File:Xingcheng_Defensive_wall_2010.09.JPG,https://upload.wikimedia.org/wikipedia/commons/thumb/f/f9/Xingcheng_Defensive_wall_2010.09.JPG/960px-Xingcheng_Defensive_wall_2010.09.JPG,CC BY-SA 3.0,猫猫的日记本,2010,天启修城与清初培筑的分层；宁远之战在《清实录》《明实录》中的对应条,50,,120.718,40.619,现代实景影像
QH-ST-0007,QH-E-01；QH-E-02,QH-P-000051；QH-P-000052,福陵,努尔哈赤陵。天聪三年选址营建，后来称福陵。在盛京东北郊外的山上。,辽宁省沈阳市浑南区东陵公园。俗称东陵。1988年国保，2004年随盛京三陵列入世界遗产。,陵还在，已经包进市民公园。沈阳城区扩到陵边。不要和河北遵化的清东陵混成一座陵。,始葬、迁葬、配葬名单须回实录。公园步道和石阶是后来层，不能倒推天聪年的山路。,开国汗的陵，今天是沈阳东边一座公园。,S二手索引,绿,"https://commons.wikimedia.org/wiki/File:2014_East_Tomb_(Fuling,_Tomb_of_Manchu_Chief_Nurhachi)_01.jpg",https://upload.wikimedia.org/wikipedia/commons/8/89/2014_East_Tomb_%28Fuling%2C_Tomb_of_Manchu_Chief_Nurhachi%29_01.jpg,CC BY-SA 4.0,WorldHistoryPics,2014,天聪三年选址与迁葬叶赫那拉氏的实录条次；与昭陵、永陵的分别,60,,123.585,41.828,现代实景影像
QH-ST-0015,QH-E-02,QH-P-000052,昭陵,皇太极和孝端文皇后的陵。关外三陵里最大的一座。,辽宁省沈阳市皇姑区北陵公园。陵包在公园里。,俗称北陵。福陵在东边叫东陵，昭陵在北边叫北陵。沈阳人早晨来跑步的，就是这座陵。,不要和陕西唐太宗昭陵混。也不要靠「东陵」「北陵」去猜河北的清东陵、清西陵。,关外三陵中最大的一座，如今包在沈阳的公园里。,S二手索引,绿,https://commons.wikimedia.org/wiki/File:Beiling_Park_Zhao_Mausoleum_(Qing_dynasty)_drone_view_16.jpg,https://upload.wikimedia.org/wikipedia/commons/b/bd/Beiling_Park_Zhao_Mausoleum_%28Qing_dynasty%29_drone_view_16.jpg,CC0,Huang dan2017,2017,昭陵始建与孝端合葬条次,70,1,123.418,41.849,现代实景影像
QH-ST-0008,QH-E-03,QH-P-000053,山海关之战,崇祯十七年，李自成、吴三桂、清军在山海关一带交战。随后清军入关，那年是顺治元年。,河北省秦皇岛市山海关区。关城还在，游客最常拍「天下第一关」。老龙头是长城入海处，在关城东南。,今地是还能走进去的关城。1644年的战场在关城一带，不是老龙头那一块海边。城楼经过重修，看见的是后来的层。,吴三桂怎样开关、李自成怎样败，须回当时记录，不把后来的「卖国」评语写成事件名。清军入关与迁都北京不是同一天。,入关那一仗的关城，门还在。海边那一段不是主战场。,S二手索引,绿,https://commons.wikimedia.org/wiki/File:Shanhaiguan.jpg,https://upload.wikimedia.org/wikipedia/commons/thumb/b/b2/Shanhaiguan.jpg/960px-Shanhaiguan.jpg,CC BY 2.0,BenBenW,2009,1644年交战地点与关城、石河的对应；《世祖实录》入关条次,80,6,119.764,40.008,现代实景影像
QH-ST-0018,QH-E-03,QH-P-000053,扬州十日,顺治二年，清军破扬州。史可法死于此。后来笔记把这几天写成「扬州十日」。,江苏省扬州市广陵区梅花岭。史可法纪念馆／史可法祠。,今地是祠堂，不是1645年的战场原貌。梅花岭在旧城北，当年破城是整座扬州。看见的房子是后来的纪念建筑。,「十日」是后来说法，不要当成官方事件名去回实录。死难人数、屠城细节须回当时记录，不把祠堂解说写成战报。史可法不在人物档里，先挂在顺治朝下。康熙南巡住过的天宁寺，是城里另一处。,城破那几天，今天能走进去的是史可法的祠。,S二手索引,绿,https://commons.wikimedia.org/wiki/File:Yangzhou-Shi-Kefa-Memorial-3402.jpg,https://upload.wikimedia.org/wikipedia/commons/thumb/0/07/Yangzhou-Shi-Kefa-Memorial-3402.jpg/960px-Yangzhou-Shi-Kefa-Memorial-3402.jpg,CC BY-SA 3.0,Vmenkov,2008,《世祖实录》破扬州条次；史可法死事原文；祠堂始建与重修年代,90,,119.436,32.404,现代实景影像
QH-ST-0024,QH-E-03,QH-P-000053,扬州十日,顺治二年，清军攻扬州，史可法守城。其后有屠城。王秀楚《扬州十日记》把这几天写成「十日」。死亡数字后来有几种说法。,江苏省扬州市广陵区一带。史可法纪念馆在今扬州广储门外街。纪念建筑另见QH-ST-0018。本条不嵌现场照片。,旧城在今日扬州老城区范围内。当年破城是整座扬州，不是后来一座祠堂的范围。本条用来登记死亡数字的来源冲突，不把祠堂解说写成战报。天宁寺是后来南巡驻地，不是破城现场。,死亡数字来源不同（王秀楚《扬州十日记》与其他记载），不取一个数。目前尚未列出逐条依据。「十日」是后出笔记用语，不要当成官方事件名去回实录。,入关后最常被提起的屠城。数字有几种说法。,C来源冲突,绿,https://commons.wikimedia.org/wiki/File:Yangzhou_-_bridge_across_the_Huchenghe_near_Shi_Kefa_Memorial_Hall_P1070019.JPG,https://upload.wikimedia.org/wikipedia/commons/thumb/8/8d/Yangzhou_-_bridge_across_the_Huchenghe_near_Shi_Kefa_Memorial_Hall_P1070019.JPG/960px-Yangzhou_-_bridge_across_the_Huchenghe_near_Shi_Kefa_Memorial_Hall_P1070019.JPG,CC BY-SA 3.0,Vmenkov,,死亡数字来源各不同，待核。,100,,119.435,32.403,现代实景影像
QH-ST-0023,QH-E-03,QH-P-000053,孝陵,顺治葬地，入关后第一座帝陵。顺治十八年崩，康熙二年葬孝陵。人死在北京，坟在遵化。,河北省遵化市清东陵保护区。孝陵是东陵主陵，游客从神道进去先到这里。照片拍的是孝陵隆恩殿。,清东陵是顺治开创的陵区，后来葬康熙、乾隆、咸丰、同治等。孝陵是这一组的主陵，不是沈阳福陵，也不是南京明孝陵。看见的隆恩殿经过维修，不是下葬时的原状。东陵在遵化，西陵在易县，隔着北京。景陵在东陵另一处，见QH-ST-0021。不要靠「东陵」两个字去猜沈阳。,沈阳福陵（努尔哈赤）、昭陵（皇太极）是关外陵，不是同一套。南京明孝陵是明朝的。清东陵里孝陵、景陵、裕陵不是同一座。始葬、配葬名单须回实录，尚未核到原文。,入关后第一座帝陵。,S二手索引,绿,https://commons.wikimedia.org/wiki/File:Dabeilou_in_Eastern_Qing_Tombs.jpg,https://upload.wikimedia.org/wikipedia/commons/e/ec/Dabeilou_in_Eastern_Qing_Tombs.jpg,CC BY-SA 3.0,Zhangzhugang,2014,待核具体摄影者与日期；始葬配葬实录条次,110,,117.649,40.198,现代实景影像
QH-ST-0010,QH-E-04；QH-E-06；QH-E-07,QH-P-000001；QH-P-000019；QH-P-000054,木兰围场,康熙二十年设木兰围场，后来几乎年年秋狝。康、乾、嘉三朝把它当成塞外练兵和会见蒙古王公的地方。,河北省承德市围场满族蒙古族自治县。塞罕坝国家森林公园是旧围场的一部分。,今地是坝上草原和林海。同治以后开围放垦，原始猎场被毁掉。今日看见的大片林子，多是1960年代以后造的人工林，不是康熙时的围场原貌。,秋狝次数、驻跸地点须回实录。不要把塞罕坝机械林场的造林故事，写成清朝猎场还在。避暑山庄在承德市区，围场在更北的县，不是同一个点。,皇家猎场早已废弛。今天这一带是林场和草原。,S二手索引,绿,https://commons.wikimedia.org/wiki/File:%E5%9D%9D%E4%B8%8A_%E6%9C%A8%E5%85%B0%E5%9B%B4%E5%9C%BA_-_panoramio.jpg,https://upload.wikimedia.org/wikipedia/commons/thumb/6/63/%E5%9D%9D%E4%B8%8A_%E6%9C%A8%E5%85%B0%E5%9B%B4%E5%9C%BA_-_panoramio.jpg/960px-%E5%9D%9D%E4%B8%8A_%E6%9C%A8%E5%85%B0%E5%9B%B4%E5%9C%BA_-_panoramio.jpg,CC BY 3.0,wuqiang_beijing,2008,康熙二十年设围的实录条次；围场四至与今日县界；同治开围上谕,120,,117.26,42.41,现代实景影像
QH-ST-0009,QH-E-04,QH-P-000001,雅克萨之战,康熙二十四年、二十五年，清军两次进攻黑龙江上的雅克萨。康熙二十八年《尼布楚条约》后，俄方拆城，这一带划归清朝。,俄罗斯阿穆尔州斯科沃罗季诺区阿尔巴津诺村。江对岸是中国黑龙江。地面上主要是考古探方，不是完整城堡。,今地对照，不是战报。17世纪木城已经拆掉。照片是2010年代在阿尔巴津诺故城址上的发掘。19世纪《瑷珲条约》后，江左岸才长期归俄。不要写成「一直在俄国」。,两次战役的日程、兵力、条约文本须回《圣祖实录》与条约原件。发掘现场不能倒推1685年的城墙。对岸中国一侧另有纪念设施，不是这座城。,清军在此两度攻城。木城早已拆毁，遗址在对岸的俄国村子里。,S二手索引,绿,https://commons.wikimedia.org/wiki/File:%D0%90%D1%80%D1%85%D0%B5%D0%BE%D0%BB%D0%BE%D0%B3%D0%B8%D1%87%D0%B5%D1%81%D0%BA%D0%B8%D0%B5_%D1%80%D0%B0%D1%81%D0%BA%D0%BE%D0%BF%D0%BA%D0%B8_%D0%BD%D0%B0_%D0%BC%D0%B5%D1%81%D1%82%D0%B5_%D0%90%D0%BB%D0%B1%D0%B0%D0%B7%D0%B8%D0%BD%D1%81%D0%BA%D0%BE%D0%B3%D0%BE_%D0%BE%D1%81%D1%82%D1%80%D0%BE%D0%B3%D0%B0_(2014_%D0%B3.).JPG,https://upload.wikimedia.org/wikipedia/commons/thumb/7/7b/%D0%90%D1%80%D1%85%D0%B5%D0%BE%D0%BB%D0%BE%D0%B3%D0%B8%D1%87%D0%B5%D1%81%D0%BA%D0%B8%D0%B5_%D1%80%D0%B0%D1%81%D0%BA%D0%BE%D0%BF%D0%BA%D0%B8_%D0%BD%D0%B0_%D0%BC%D0%B5%D1%81%D1%82%D0%B5_%D0%90%D0%BB%D0%B1%D0%B0%D0%B7%D0%B8%D0%BD%D1%81%D0%BA%D0%BE%D0%B3%D0%BE_%D0%BE%D1%81%D1%82%D1%80%D0%BE%D0%B3%D0%B0_%282014_%D0%B3.%29.JPG/960px-%D0%90%D1%80%D1%85%D0%B5%D0%BE%D0%BB%D0%BE%D0%B3%D0%B8%D1%87%D0%B5%D1%81%D0%BA%D0%B8%D0%B5_%D1%80%D0%B0%D1%81%D0%BA%D0%BE%D0%BF%D0%BA%D0%B8_%D0%BD%D0%B0_%D0%BC%D0%B5%D1%81%D1%82%D0%B5_%D0%90%D0%BB%D0%B1%D0%B0%D0%B7%D0%B8%D0%BD%D1%81%D0%BA%D0%BE%D0%B3%D0%BE_%D0%BE%D1%81%D1%82%D1%80%D0%BE%D0%B3%D0%B0_%282014_%D0%B3.%29.JPG,CC BY-SA 4.0,Albazino,2013,《圣祖实录》两次进攻条次；尼布楚约文与拆城；故城精确坐标,130,,124.083,53.383,现代实景影像
QH-ST-0013,QH-E-04；QH-E-06,QH-P-000001；QH-P-000019,畅春园,康熙在西郊修的第一座大园子，后来常年住在这儿听政。本纪写畅春园不豫。实录崩条写戌刻崩于寝宫。后人把那间屋子对到清溪书屋。,北京市海淀区，北京大学西门外一带。园子没了。路边还剩恩佑寺、恩慕寺两座山门。北面是北大宿舍，叫畅春新园。,本纪写他在园里不豫。实录崩条只写寝宫。1860年和圆明园一起被烧。今天走颐和园路，两座山门夹在车流和校园之间。清溪书屋的房子已经不在。,实录原文是「寝宫」。清溪书屋是后来说法。山门是寺门，不是寝宫。也不要把畅春园和圆明园、颐和园当成同一座园。葬地在遵化景陵，不是这座园。,园子没了，路边还剩两座寺门。崩条写的是寝宫，不是清溪书屋。,S二手索引,绿,https://commons.wikimedia.org/wiki/File:Gate_of_former_Enyou_Temple_(20240722101131).jpg,https://upload.wikimedia.org/wikipedia/commons/thumb/f/f9/Gate_of_former_Enyou_Temple_%2820240722101131%29.jpg/960px-Gate_of_former_Enyou_Temple_%2820240722101131%29.jpg,CC BY-SA 4.0,N509FZ,2024,清溪书屋在园中的位置；恩佑寺、恩慕寺山门与寝宫的距离,140,,116.305,39.996,现代实景影像
QH-ST-0039,QH-E-04,QH-P-000001；QH-P-000104,乌兰布统之战,康熙二十九年（1690年），清军与准噶尔噶尔丹在乌兰布统交战。抚远大将军福全统兵，国舅佟国纲阵亡于此。,内蒙古自治区赤峰市克什克腾旗乌兰布统草原，近将军泡子一带。,今地是广袤草原与湿地湖泊（将军泡子相传为当年炮战水坑演化），属于克什克腾世界地质公园乌兰布统景区。当年驼城交战原状已无存，地面树立佟国纲墓与纪念碑。,战役全过程、准噶尔驼城战术与伤亡须回《圣祖实录》与平定朔漠方略。不要把景区骑马观光路线写成当年交战路线。,康熙亲征噶尔丹大战于此，国舅佟国纲阵亡。,S二手索引,绿,"https://commons.wikimedia.org/wiki/File:Wulanbutong_Grassland,_Inner_Mongolia.jpg",https://upload.wikimedia.org/wikipedia/commons/thumb/7/73/Wulanbutong_Grassland%2C_Inner_Mongolia.jpg/960px-Wulanbutong_Grassland%2C_Inner_Mongolia.jpg,CC BY-SA 3.0,见文件页,2018,《圣祖实录》康熙二十九年七月、八月条次；佟国纲阵亡地点坐标,150,,117.228,42.585,现代实景影像
QH-ST-0046,QH-E-04,QH-P-000001,多伦会盟与汇宗寺,康熙三十年（1691年），康熙亲赴多伦诺尔会见喀尔喀蒙古三部与内蒙古四十九旗王公贵族，举行多伦会盟，正式将喀尔喀蒙古纳入清廷直辖与旗制。会后敕建汇宗寺。,内蒙古自治区锡林郭勒盟多伦县。汇宗寺（大洪耗寺）建筑与遗址。,汇宗寺为多伦会盟后康熙赐名并拨款敕建的藏传佛教格鲁派大寺，作为统辖北部蒙古各旗事务的精神与政治枢纽。现存章嘉仓佛爷府、山门殿等遗构。,会盟是康熙在草原行营所举行的政治盟会，汇宗寺是会盟之后敕建的产物。会盟条规与封爵回《圣祖实录》与理藩院则例。,康熙三十年多伦草原大会诸部王公，喀尔喀蒙古由此编旗定界。,S二手索引,绿,https://commons.wikimedia.org/wiki/File:Huizong_Temple_Duolun_2015.jpg,https://upload.wikimedia.org/wikipedia/commons/thumb/a/a2/Huizong_Temple_Duolun_2015.jpg/960px-Huizong_Temple_Duolun_2015.jpg,CC BY-SA 4.0,见文件页,2015,《圣祖实录》康熙三十年五月多伦诺尔大阅与会盟条次,160,,116.481,42.203,现代实景影像
QH-ST-0019,QH-E-04,QH-P-000001,天宁寺行宫,康熙南巡，扬州这一站常驻天宁寺。后来在寺旁修过行宫。,江苏省扬州市广陵区天宁寺。寺还在。,今地是还能走进去的佛寺。行宫那一层后来拆改过，看见的不是康熙住过的那排房子。扬州十日在梅花岭一带，不是这座寺。,驻跸日程须回《圣祖实录》南巡各卷。不要把扬州十日和南巡合成一个扬州故事。也不要把天宁寺和江宁织造府当成同一条路上的同一个点。,南巡住过的寺，门还开着。扬州十日不在这儿。,S二手索引,绿,https://commons.wikimedia.org/wiki/File:Tianning_Temple_of_Yangzhou.JPG,https://upload.wikimedia.org/wikipedia/commons/a/a3/Tianning_Temple_of_Yangzhou.JPG,CC BY 3.0,long,2009,康熙各次南巡驻天宁寺的实录条次；行宫与寺院的范围,170,,119.437,32.401,现代实景影像
QH-ST-0020,QH-E-04,QH-P-000001,江宁织造府,康熙朝江宁织造是内务府在南京办差的衙门。曹寅这一支做过很长时间。帝南巡时在江宁驻过。,江苏省南京市玄武区江宁织造博物馆。大行宫一带。原府毁了，看见的是后来复建的馆。,今地是博物馆，不是曹家还在时的那座府。房子是21世纪复建的，里面还有模型。模型不能当成遗址原貌。静海寺在下关，是后来议约的地方，不是织造府。,曹寅不在人物档里，先挂在康熙朝下。织造衙门的沿革须回内务府档案，不把《红楼梦》里的曹家写成这座博物馆的说明书。不要和静海寺、天宁寺合成一个点。,曹家当过差的府，原屋子没了。今天是复建的馆。,S二手索引,绿,https://commons.wikimedia.org/wiki/File:Jiangning_zhizaofu_in_Nanjing_2012-10.JPG,https://upload.wikimedia.org/wikipedia/commons/thumb/9/9c/Jiangning_zhizaofu_in_Nanjing_2012-10.JPG/960px-Jiangning_zhizaofu_in_Nanjing_2012-10.JPG,CC BY-SA 3.0,猫猫的日记本,2012,原府四至与焚毁、拆除年代；曹寅任职条次；复建与开馆年代,180,,118.795,32.043,现代实景影像
QH-ST-0005,QH-E-04；QH-E-06；QH-E-09,QH-P-000001；QH-P-000019；QH-P-000056,热河行宫,康熙朝始建避暑山庄。咸丰十年北京危急，帝后北走热河。,河北省承德市避暑山庄。仍是完整的皇家园林，1994年列入世界遗产。,今地还能走进去。康乾时是塞外会客厅，咸丰十年变成避兵之所。两套功能不要写成同一件事。,不把畅春园、圆明园、避暑山庄互相替代。畅春园几乎没了，山庄还开着门。,康熙修来避暑，乾隆接着扩建，咸丰后来避走到这里。,S二手索引,绿,https://commons.wikimedia.org/wiki/File:Chengde_Mountain_Resort_1.jpg,https://upload.wikimedia.org/wikipedia/commons/thumb/f/f2/Chengde_Mountain_Resort_1.jpg/960px-Chengde_Mountain_Resort_1.jpg,CC BY-SA 2.0,takwing.kwong,2010,《咸丰实录》北走与驻跸条次；烟波致爽殿作为崩逝地点的原文,190,9,117.939,40.985,现代实景影像
QH-ST-0048,QH-E-04；QH-E-05,QH-P-000001；QH-P-000002；QH-P-000003,咸安宫与胤礽圈禁,康熙四十七年废皇太子胤礽，四十八年复立，五十一年再废，此后胤礽被幽禁于西华门内咸安宫，直至雍正二年病逝。乾隆十六年改为咸安宫官学。,北京故宫寿安宫以南、西华门内北侧（今宝华殿、寿安宫院落区域）。,原咸安宫主殿毁于民国初年大火，基址上改建为故宫博物院宝华殿与库房区，东邻寿康宫。今地建筑为清代与民国层叠遗存。,胤礽两废拘禁地点回《圣祖实录》：一废初在帐房及上驷院，二废后幽于咸安宫。不要与景山寿皇殿或郑家庄王府混淆。,废太子胤礽度过余生的幽禁之所，也是清代八旗子弟咸安宫官学原址。,S二手索引,绿,https://commons.wikimedia.org/wiki/File:Forbidden_City_West_Area_2016.jpg,https://upload.wikimedia.org/wikipedia/commons/thumb/c/c5/Forbidden_City_West_Area_2016.jpg/960px-Forbidden_City_West_Area_2016.jpg,CC BY-SA 4.0,见文件页,2016,康熙五十一年十一月幽禁上谕；雍正二年理密亲王薨逝实录,200,,116.388,39.919,现代实景影像
QH-ST-0021,QH-E-04,QH-P-000001,景陵,康熙葬清东陵景陵。本纪写畅春园不豫；实录写寝宫。坟在遵化。,河北省唐山市遵化市清东陵，景陵还在，能进去，照片拍的是隆恩殿。,入关以后康熙的陵。沈阳也有一座叫东陵的，那是福陵，努尔哈赤的坟，不要看成同一座。崩地分层见畅春园条；景陵是葬的地方。,始葬、配葬名单须回实录。清东陵是一组陵，孝陵、景陵、裕陵不是同一座。不要靠「东陵」两个字去猜沈阳。,康熙葬在遵化。沈阳那个东陵是他祖宗的坟。,S二手索引,绿,https://commons.wikimedia.org/wiki/File:Emperor_Pavilion_%26_Jing_Tomb_in_Eastern_Qing_Tombs.jpg,https://upload.wikimedia.org/wikipedia/commons/6/66/Emperor_Pavilion_%26_Jing_Tomb_in_Eastern_Qing_Tombs.jpg,CC BY-SA 3.0,Zhangzhugang,2014,景陵营建与葬期实录条次；孝恭仁皇后等配葬名单,210,,117.658,40.187,现代实景影像
QH-ST-0035,QH-E-04；QH-E-05；QH-E-06；QH-E-08；QH-E-09；QH-E-10；QH-E-11；QH-E-12,QH-P-000001；QH-P-000002；QH-P-000019；QH-P-000055；QH-P-000056；QH-P-000057；QH-P-000058；QH-P-000059,养心殿,雍正起皇帝寝宫与日常理政处；东暖阁为同光两宫垂帘处。,北京故宫养心殿；近年修缮保护中。,乾清宫是礼制正寝，养心殿是实际寝宫——雍正移居后八帝因之。照片为东暖阁今貌。,垂帘在东暖阁，不在养心殿正间；辛酉捕肃顺在热河，不在此。,雍正起八帝寝于养心殿,S二手索引,绿,https://commons.wikimedia.org/wiki/File:养心殿东暖阁.JPG,https://upload.wikimedia.org/wikipedia/commons/1/10/%E5%85%BB%E5%BF%83%E6%AE%BF%E4%B8%9C%E6%9A%96%E9%98%81.JPG,CC BY-SA 3.0,见文件页,见文件页,,220,,116.39,39.918,现代实景影像
QH-ST-0036,QH-E-05；QH-E-06；QH-E-08；QH-E-09,QH-P-000002；QH-P-000019；QH-P-000055；QH-P-000056,九州清晏,圆明园中帝寝；雍正至咸丰园居时的起居处。,北京圆明园遗址；殿宇1860年被焚，今存遗址。,照片是遗址，不是殿宇原貌；园居与宫居是两套起居。,焚毁见圆明园被焚掠条（QH-ST-0004）。,雍正至咸丰园居寝于九州清晏,S二手索引,绿,https://commons.wikimedia.org/wiki/File:九州清晏遗址01_20130318.JPG,https://upload.wikimedia.org/wikipedia/commons/a/a1/%E4%B9%9D%E5%B7%9E%E6%B8%85%E6%99%8F%E9%81%97%E5%9D%8001_20130318.JPG,CC BY-SA 3.0,见文件页,见文件页,,230,,116.295,40.003,现代实景影像
QH-ST-0042,QH-E-05；QH-E-06；QH-E-07；QH-E-08；QH-E-09；QH-E-10；QH-E-11,QH-P-000002；QH-P-000019；QH-P-000054；QH-P-000055；QH-P-000056；QH-P-000057；QH-P-000058,军机处值房,雍正七年（1729年）因用兵西北，设军需房，后改军机处。军机大臣与章京在此值班拟旨、承旨发抄，成为清中后期实质最高决策中枢。,北京故宫乾清门广场西侧、隆宗门内北侧一排狭长板房。,今地为一排看似简陋的平房，西临隆宗门，紧邻养心殿南侧，便于皇帝随时召见大臣。现辟为军机处史料原状陈列馆。,军机处不是内阁，无正式官署品级名分，初为临时军需密办，乾隆朝始成定制。隆宗门匾额上的箭头是嘉庆十八年天理教打入皇宫时射中留存，非军机处本身遗迹。,乾清门外看似不起眼的一排板房，是清代一百八十余年真正的权力中枢。,S二手索引,绿,https://commons.wikimedia.org/wiki/File:Grand_Council_Forbidden_City.jpg,https://upload.wikimedia.org/wikipedia/commons/thumb/1/14/Grand_Council_Forbidden_City.jpg/960px-Grand_Council_Forbidden_City.jpg,CC BY-SA 3.0,见文件页,2015,雍正七年设军需房实录条次；乾隆元年恢复军机处上谕,240,7,116.391,39.918,现代实景影像
QH-ST-0045,QH-E-06；QH-E-07；QH-E-08；QH-E-09；QH-E-10；QH-E-11,QH-P-000019；QH-P-000055；QH-P-000056；QH-P-000057；QH-P-000058,直隶总督署,雍正朝确立直隶总督驻保定府。晚清曾国藩、李鸿章、袁世凯等在此任直隶总督兼北洋通商大臣，统辖京畿军政与洋务外事。,河北省保定市莲池区裕华西路。直隶总督署博物馆。,全国保存最完好的清代省级衙署建筑群，严格遵循清代三套院落、左文右武规制。大堂、二堂、上房均保持晚清原貌。,直隶总督有保定督署与天津行署（海光寺/三义庙），冬季常驻天津办理洋务。不能把全部洋务活动都归于保定一地。,一座总督衙署，半部清代简史。晚清曾国藩、李鸿章执掌北洋与京畿政务的督抚中枢。,S二手索引,绿,https://commons.wikimedia.org/wiki/File:Zhili_Governors_Office_2014-06.JPG,https://upload.wikimedia.org/wikipedia/commons/thumb/9/9c/Zhili_Governors_Office_2014-06.JPG/960px-Zhili_Governors_Office_2014-06.JPG,CC BY-SA 3.0,猫猫的日记本,2014-06,雍正八年李卫任总督建署条次；李鸿章任期奏折档案,250,,115.485,38.857,现代实景影像
QH-ST-0028,QH-E-05,QH-P-000002,清西陵,雍正开创西陵，此后道光、光绪、宣统葬此。雍正本人葬泰陵。没有跟父亲葬在遵化东陵。,河北省易县清西陵保护区。泰陵是雍正陵（见QH-ST-0022）。照片拍的是西陵三牌坊，不是某一座帝陵的享殿。,清西陵是雍正另选的陵区。东陵在西陵东侧约120公里，不是同一处。西陵是一组：泰陵、昌陵、慕陵、崇陵等。看见的牌坊经过维修，不是雍正下葬时的原状。不要把整组西陵写成这一座泰陵。,雍正另选陵址的原因，官书和传说分开。不采「不敢葬在父亲旁边」等传说。不要和陕西唐泰陵、隋泰陵混。始葬名单须回实录，尚未核到原文。,雍正另开的陵区。,S二手索引,绿,"https://commons.wikimedia.org/wiki/File:Western_Qing_Tombs,_2016-09-07_01.jpg",https://upload.wikimedia.org/wikipedia/commons/a/ae/Western_Qing_Tombs%2C_2016-09-07_01.jpg,CC0,Huang dan2017,2016,具体摄影者与日期待核,260,,115.352,39.37,现代实景影像
QH-ST-0022,QH-E-05,QH-P-000002,泰陵,雍正葬清西陵泰陵。没有跟父亲葬在遵化东陵。,河北省保定市易县清西陵。泰陵还在，能进去。,入关以后第一座西陵。东陵在遵化，西陵在易县，隔着北京，不是同一组。看见的殿经过维修，不是雍正下葬时的原状。,为什么不葬东陵，说法很多，先当未核。不要和陕西唐泰陵、隋泰陵混。也不要把清西陵整组写成这一座泰陵。,雍正没跟父亲葬在一起。他的陵在易县。,S二手索引,绿,"https://commons.wikimedia.org/wiki/File:Tailing_Tomb,_2016-09-07_01.jpg",https://upload.wikimedia.org/wikipedia/commons/5/51/Tailing_Tomb%2C_2016-09-07_01.jpg,CC0,Huang dan2017,2016,泰陵选址与《世宗实录》葬期；与东陵分葬的当时说法,270,4,115.362,39.375,现代实景影像
QH-ST-0030,QH-E-06,QH-P-000019,马戛尔尼使团,乾隆五十八年（1793年），英国马戛尔尼使团来华，在热河行宫觐见乾隆，驻京地在圆明园附近，觐见和驻京是两个地点。,河北省承德市避暑山庄（见QH-ST-0005）。使团驻地遗址在承德及北京圆明园一带。两个地点不应并成一个。,觐见地在热河行宫。使团驻京地在圆明园附近。山庄今天还能走进去，圆明园只剩遗址。不要把避暑山庄的游览路线写成1793年的觐见路线。跪与不跪的争议，各家记载不一。照片与QH-ST-0005同图，是山庄今貌，不是觐见当日现场。,跪与不跪的争议，各家记载不一，这里不作裁判。热河觐见和京师驻地必须分点。条约、礼物清单未回原件。,英国使团来的时候，皇帝在热河。,C来源冲突,绿,https://commons.wikimedia.org/wiki/File:Chengde_Mountain_Resort_1.jpg,https://upload.wikimedia.org/wikipedia/commons/thumb/f/f2/Chengde_Mountain_Resort_1.jpg/960px-Chengde_Mountain_Resort_1.jpg,CC BY-SA 2.0,takwing.kwong,2010,跪叩争议各家记载不一，待核,280,,117.945,40.995,现代实景影像
QH-ST-0031,QH-E-06,QH-P-000019,裕陵,乾隆裕陵，嘉庆四年入葬。地宫雕四大天王、八大菩萨、五方佛与三万余字梵藏经咒。嘉庆帝亲自扶灵送入地宫。,河北省唐山市遵化市清东陵裕陵。地宫已清理开放。1928年孙殿英东陵盗案中被炸开，棺椁漂浮于积水之上，后经清理修复。,裕陵地宫是清代帝陵中石雕最精的一座，券顶和墙壁布满佛像与经文浮雕，被称为「石雕佛堂」。盗案后地宫曾长期积水，至今部分石雕仍有水渍痕迹。照片拍的是今貌，不是乾隆下葬时原状。,葬地事实据官书；地宫开放据今貌。,乾隆的地宫里刻了三万字佛经。东陵盗案后棺椁泡在水里，至今仍未复原。,S二手索引,绿,https://commons.wikimedia.org/wiki/File:Yuling_in_Eastern_Qing_Tombs.jpg,https://upload.wikimedia.org/wikipedia/commons/e/e4/Yuling_in_Eastern_Qing_Tombs.jpg,CC BY-SA 3.0,Zhangzhugang,2014,,290,,117.64,40.189,现代实景影像
QH-ST-0032,QH-E-07,QH-P-000054,昌陵,嘉庆昌陵，道光元年入葬。西陵第二座帝陵，规制仿泰陵，但隆恩殿内铺墁独一无二的天然紫花斑石地面，不用金砖而用天然石材，是清代帝陵仅见。,河北省保定市易县清西陵昌陵。能进去。隆恩殿花斑石地面保存完好，游客可以透过护栏看到原状石面。,昌陵紧挨泰陵西侧，两座帝陵共用一段神道。隆恩殿花斑石地面在阳光下呈紫色波纹，史籍称「满殿生辉」。照片拍的是今貌，经过维修，不是嘉庆下葬时原状。,葬地事实据官书。,嘉庆的陵。隆恩殿地面铺的花斑石是紫色天然石材，独此一家。,S二手索引,绿,"https://commons.wikimedia.org/wiki/File:Western_Qing_Tombs,_2016-09-07_03.jpg",https://upload.wikimedia.org/wikipedia/commons/8/8d/Western_Qing_Tombs%2C_2016-09-07_03.jpg,CC0,Huang dan2017,2016,,300,,115.341,39.372,现代实景影像
QH-ST-0017,QH-E-08,QH-P-000055,虎门销烟,道光十九年，鸦片在虎门海滩销毁。两年后英军打的是江口炮台，不是这件事。,广东省东莞市虎门镇。鸦片战争博物馆一带。照片拍的是馆区里的销烟池。,销烟在海滩。今天能走进去的，是纪念馆里的池子。是不是1839年那口原池，还没钉死。炮台在威远岛上，隔着江口，不要合成一个点。,销烟数量须回奏折，不把博物馆解说牌写成原档。林则徐不在人物档里，先挂在道光朝下。炮台另见虎门炮台条。,鸦片当年在海滩上销毁。今天能看见的是纪念馆里一口池。,S二手索引,绿,https://commons.wikimedia.org/wiki/File:Opium_Destruction_Pool.JPG,https://upload.wikimedia.org/wikipedia/commons/e/e2/Opium_Destruction_Pool.JPG,CC BY 2.0,Simon Lo,2002,销烟池是否原址原池；海滩与镇口、沙角的分别；《宣宗实录》与林则徐奏折条次,310,,113.67,22.825,现代实景影像
QH-ST-0011,QH-E-08,QH-P-000055,虎门炮台,道光二十一年，英军进攻虎门炮台。销烟是两年前的另一件事，在海滩上，不在这座炮台上。,广东省东莞市虎门镇威远岛，威远炮台还在，江上是虎门大桥。,今地能看见炮台和桥。炮台经过道光以后多次重修，看见的不是1841年原状。销烟在海滩，炮台在江口，不是同一个点。,销烟另见虎门销烟条。战役日程须回奏折与实录。林则徐不在人物档里，先挂在道光朝下。不要把虎门大桥写进战史。,炮台还对着江。江上已经是桥。,S二手索引,绿,https://commons.wikimedia.org/wiki/File:JX769009-_02.jpg,https://upload.wikimedia.org/wikipedia/commons/thumb/8/8d/JX769009-_02.jpg/960px-JX769009-_02.jpg,CC BY-SA 4.0,Jim X,2017,威远、靖远、沙角各炮台的分别；《宣宗实录》失守条次,320,,113.626,22.802,现代实景影像
QH-ST-0012,QH-E-08,QH-P-000055,南京条约议约,道光二十二年，中英在南京议约。常见说法是：静海寺里谈条款，英舰「皋华丽」号上签字。舰停在下关江面。,江苏省南京市鼓楼区静海寺·南京条约史料陈列馆。狮子山西南麓。,今地是纪念馆。静海寺原是明初为郑和所建，后来毁过。1987年以后在旧址复建，1990年辟为陈列馆。看见的殿不是1842年的那座寺。签字不在寺里，在船上。,约文、割让香港岛的表述须回条约原件。不要把复建寺庙写成原物，也不要把议约和签字写成同一间屋子。江宁织造府在大行宫一带，不是静海寺。,条款是在这儿谈的，字签在江面的英国船上，寺是后来重建的。,S二手索引,绿,https://commons.wikimedia.org/wiki/File:%E9%9D%99%E6%B5%B7%E5%AF%BA_-_panoramio.jpg,https://upload.wikimedia.org/wikipedia/commons/thumb/2/27/%E9%9D%99%E6%B5%B7%E5%AF%BA_-_panoramio.jpg/960px-%E9%9D%99%E6%B5%B7%E5%AF%BA_-_panoramio.jpg,CC BY 3.0,史氏,2008,议约逐日与舰上签字的当时记录；静海寺原址范围与复建年代,330,,118.742,32.092,现代实景影像
QH-ST-0016,QH-E-08,QH-P-000055,割让香港岛,道光二十二年《南京条约》割香港岛，字签在南京江面的船上，岛在珠江口外。,香港岛。中环这一面，是今天最常被拍到的天际线。,1842年割的是这座岛，不是九龙，也不是新界。那两块是后来的约。岛还在，上面已经是另一座城市。,条约文本须回原件。不要把1842年的香港岛写成今天的整个香港。,1842年割出去的是一座岛。今天从对岸看，已是另一座城市。,S二手索引,绿,https://commons.wikimedia.org/wiki/File:Hong_Kong_Island_Skyline_2009.jpg,https://upload.wikimedia.org/wikipedia/commons/thumb/0/0e/Hong_Kong_Island_Skyline_2009.jpg/960px-Hong_Kong_Island_Skyline_2009.jpg,CC BY-SA 3.0,WiNG,2009,约文里香港岛的四至；九龙、新界后来各约,340,10,114.158,22.282,现代实景影像
QH-ST-0026,QH-E-09,QH-P-000056,金田起义,1851年洪秀全在广西桂平金田村起事，建号太平天国。那年是咸丰元年。清廷按叛乱来写，太平天国按开国来写。,广西壮族自治区桂平市金田镇金田村。太平天国金田起义旧址。照片拍的是通往旧址的路，不是1851年的村庄原貌。,金田村有起义旧址博物馆。金田起义是太平天国的起点，不是整场战争的全部战场。南京、武汉、安庆是后来的事，不要合成一个点。看见的馆区和道路是后来层。,太平天国与清廷两条叙事线并存，这里站在清史角度，不写太平天国正史。起事日程、人数须回当时记录，不把旧址解说牌写成战报。洪秀全不在人物档里，先挂在咸丰朝下。,太平天国从这里开始。,S二手索引,绿,https://commons.wikimedia.org/wiki/File:Jintian_Uprising_Site_(1).jpg,https://upload.wikimedia.org/wikipedia/commons/thumb/1/11/Jintian_Uprising_Site_%281%29.jpg/960px-Jintian_Uprising_Site_%281%29.jpg,CC BY-SA 4.0,STW932,2019,具体坐标与馆藏信息待核,350,,110.076,23.633,现代实景影像
QH-ST-0040,QH-E-09；QH-E-11,QH-P-000056；QH-P-000058,大沽口之战,咸丰八年至十年（1858-1860）、光绪二十六年（1900），英法联军与八国联军数次攻打海河入海口的大沽口炮台。咸丰九年僧格林沁曾在此获大沽口大捷。,天津市滨海新区塘沽海河入海口南岸。大沽口炮台遗址博物馆，尚存「威」字炮台遗迹与铁炮。,今地是遗址公园与博物馆。原南北两岸原有炮台多座（南岸「威、镇、海」，北岸「定、国」），《辛丑条约》规定拆除大沽炮台，南岸仅存「威」字炮台残基。,咸丰九年大捷与十年失守是两场不同战役。不要把今天的工业港口与滨海新区地貌当成清代海口。战役经过须回奏折与实录。,海河咽喉处的古炮台，曾有击沉英舰的大捷，后在条约中被勒令拆除。,S二手索引,绿,https://commons.wikimedia.org/wiki/File:Dagukou_Fort_2013-10.JPG,https://upload.wikimedia.org/wikipedia/commons/thumb/0/07/Dagukou_Fort_2013-10.JPG/960px-Dagukou_Fort_2013-10.JPG,CC BY-SA 3.0,猫猫的日记本,2013-10,咸丰九年五月大捷奏折；辛丑条约拆除条款原文,360,,117.708,38.981,现代实景影像
QH-ST-0004,QH-E-04；QH-E-06；QH-E-09,QH-P-000001；QH-P-000019；QH-P-000056,圆明园被焚掠,康熙始建、乾隆大扩。咸丰十年英法联军焚掠后，只剩遗址。,北京市海淀区圆明园遗址公园。游客最常拍的是西洋楼大水法一带残石。,今地是遗址公园，不是复原宫殿。残石记录的是被毁之后的层，不能用来想象乾隆朝的完整园景。1860年的经过须回档案与当时记录。,不要把遗址公园的游览路线写成当年路线。西洋楼只是园中一区。,园子烧了，今天能看见的是残石。,S二手索引,绿,"https://commons.wikimedia.org/wiki/File:Old_Summer_Palace,_Ruins_of_Guan_Shuifa.jpg",https://upload.wikimedia.org/wikipedia/commons/thumb/3/3d/Old_Summer_Palace%2C_Ruins_of_Guan_Shuifa.jpg/960px-Old_Summer_Palace%2C_Ruins_of_Guan_Shuifa.jpg,CC BY-SA 3.0,Clee7903,2005,焚园逐日记录与《咸丰实录》对应；西洋楼与九州景区的分别,370,8,116.302,40.008,现代实景影像
QH-ST-0037,QH-E-09,QH-P-000056,烟波致爽殿,避暑山庄正寝；咸丰十一年七月十七日崩于此。,河北承德避暑山庄；殿存，陈设经复原。,崩地现场；与葬地定陵分记（QH-ST-0033）。,崩日据实录；殿内陈设为复原，非原状。,咸丰崩于烟波致爽殿,S二手索引,绿,https://commons.wikimedia.org/wiki/File:承德避暑山庄烟波致爽殿2025.11_(1).jpg,https://upload.wikimedia.org/wikipedia/commons/d/d4/%E6%89%BF%E5%BE%B7%E9%81%BF%E6%9A%91%E5%B1%B1%E5%BA%84%E7%83%9F%E6%B3%A2%E8%87%B4%E7%88%BD%E6%AE%BF2025.11_%281%29.jpg,CC BY-SA 4.0,见文件页,2025-11,,380,,117.938,40.984,现代实景影像
QH-ST-0025,QH-E-09,QH-P-000056,辛酉政变,咸丰十一年，咸丰崩于热河，肃顺等八大臣受顾命；两宫与恭亲王发动政变。肃顺在密云被擒。祺祥只拟用过，后来改成同治。,北京至承德之间。咸丰崩地在热河行宫。两宫回銮、肃顺被捕在密云。不是一个地点能概括的。,咸丰崩地在热河行宫（见QH-ST-0005）。政变不是一座宫殿里的一天。热河是崩逝和顾命，密云是逮捕，北京是事后的朝局。三处不要合成「辛酉政变旧址」。看见的避暑山庄是后来开放的园林，不是1861年的现场原状。,政变地点（热河行宫）和逮捕地点（密云）分开。不能把辛酉以后的格局，写成咸丰朝已经如此。具体逮捕地点坐标待核。,肃顺在密云被擒。,S二手索引,绿,https://commons.wikimedia.org/wiki/File:Chengde_Mountain_Resort_22632-Chengde_(30893925458).jpg,https://upload.wikimedia.org/wikipedia/commons/thumb/f/f5/Chengde_Mountain_Resort_22632-Chengde_%2830893925458%29.jpg/960px-Chengde_Mountain_Resort_22632-Chengde_%2830893925458%29.jpg,CC BY 2.0,xiquinhosilva,,待核具体逮捕地点坐标,390,,116.843,40.377,现代实景影像
QH-ST-0033,QH-E-09,QH-P-000056,定陵,咸丰定陵，同治五年入葬。咸丰十一年崩于热河避暑山庄烟波致爽殿，次年梓宫奉移回京，又隔数年方入定陵地宫。定东陵（慈禧、慈安陵）在旁边。,河北省唐山市遵化市清东陵定陵。能进去。方城明楼与石五供保存尚好。,定陵在清东陵最东侧，与定东陵（慈禧陵、慈安陵）紧邻。咸丰崩于热河而非北京，灵柩回京的路线和护送过程在实录里有详细记载。照片拍的是今貌，经过维修。,崩地与葬地分记：崩在热河（见咸丰章），葬在定陵。,咸丰死在承德，第二年才运回遵化下葬。定东陵就挨在旁边。,S二手索引,绿,https://commons.wikimedia.org/wiki/File:Ding_Tomb_in_Dong_Tombs_of_Qing_Dynasty.jpg,https://upload.wikimedia.org/wikipedia/commons/c/c7/Ding_Tomb_in_Dong_Tombs_of_Qing_Dynasty.jpg,CC BY-SA 3.0,Zhangzhugang,2014,,400,3,117.674,40.183,现代实景影像
QH-ST-0029,QH-E-10,QH-P-000057,天津教案,同治九年（1870年），天津民众与法国教会冲突，烧教堂、杀领事。曾国藩奉命查办。起因、伤亡和处理方式，各家记载不同。,天津市和平区望海楼教堂一带，原址在数次重建，周边已融入天津市区。,望海楼教堂是原址重建。看见的教堂不是1870年那座。教案现场在海河一带，不能收成今天一张教堂明信片。照片是2020年拍摄的重建后外观。曾国藩尚未建人物档，先挂在同治朝下。,教案起因、伤亡数字、曾国藩处理方式，各家记载不同，目前尚未列出逐条依据。不能把今天的教堂写成当年的冲突现场。,教堂还在，但那一年的冲突不是今天的样子。,U待核,绿,https://commons.wikimedia.org/wiki/File:望海楼天主堂外部2020.jpg,https://upload.wikimedia.org/wikipedia/commons/thumb/8/88/%E6%9C%9B%E6%B5%B7%E6%A5%BC%E5%A4%A9%E4%B8%BB%E5%A0%82%E5%A4%96%E9%83%A82020.jpg/960px-%E6%9C%9B%E6%B5%B7%E6%A5%BC%E5%A4%A9%E4%B8%BB%E5%A0%82%E5%A4%96%E9%83%A82020.jpg,CC BY-SA 4.0,ScareCriterion12,2020,具体坐标待核；照片为重建后外观,410,,117.195,39.148,现代实景影像
QH-ST-0041,QH-E-11,QH-P-000058,威海卫之战与北洋水师覆灭,光绪二十一年（1895年）初，日军围攻威海卫刘公岛，北洋舰队困守孤岛。提督丁汝昌、总办定远管带刘步蟾等先后自尽殉国，北洋海军全军覆没。,山东省威海市威海湾刘公岛。中国甲午战争博物院（北洋海军提督署旧址、铁码头、东泓炮台等）。,今地为海岛博物馆区。北洋海军提督署殿宇为清代原物经修缮开放，铁码头基桩仍存。展示的是纪念与遗存，不能倒推海战炮击当日的硝烟惨状。,黄海海战（大东沟）在鸭绿江口外，威海卫保卫战在刘公岛，两场战役相隔数月，地点不同。丁汝昌死事回查档案。,北洋海军成军与覆灭的基地，提督署与铁码头仍存。,S二手索引,绿,https://commons.wikimedia.org/wiki/File:Beiyang_Navy_HQ.JPG,https://upload.wikimedia.org/wikipedia/commons/thumb/e/e0/Beiyang_Navy_HQ.JPG/960px-Beiyang_Navy_HQ.JPG,CC BY-SA 3.0,见文件页,2012,光绪二十一年正月、二月《德宗实录》电报与上谕,420,,122.185,37.502,现代实景影像
QH-ST-0038,QH-E-11,QH-P-000058,瀛台,中南海瀛台；戊戌政变后光绪被幽居处。,北京中南海；今为办公区，不开放。,幽居处不是寝宫选择，是政变结果；老照片为清末旧貌。,幽居事实据档案与日记层；具体居室涵元殿待核。,戊戌后光绪幽于瀛台,S二手索引,绿,https://commons.wikimedia.org/wiki/File:Aufgang_zum_Inselpalast.jpg,https://upload.wikimedia.org/wikipedia/commons/f/f6/Aufgang_zum_Inselpalast.jpg,Public domain,见文件页,清末,,430,,116.382,39.907,现代实景影像
QH-ST-0043,QH-E-11,QH-P-000058,东交民巷使馆界,光绪二十六年（1900年）义和团与清军围攻使馆区，八国联军入京后，光绪二十七年《辛丑条约》第七款划定东交民巷一带为专归各国管辖之界。,北京市东城区东交民巷历史文化街区。尚存法国使馆旧址、圣弥额尔天主堂、正金银行、六国饭店旧址等近代欧式建筑。,今地保存了近代各国使馆及兵营建筑群，街道格局依稀可见《辛丑条约》划定四至（东至崇文门大街，西至兵部街，南至城墙，北至东长安街）。,使馆界划定是庚子战败与《辛丑条约》的产物，不能将使馆界成立倒推到清前期。围攻使馆日程须回《庚子国变记》与各国公使档案。,《辛丑条约》割出的城中「国中之国」，今天保留了完整的清末近代使馆建筑群。,S二手索引,绿,https://commons.wikimedia.org/wiki/File:Dongjiaominxiang_Church_2013-05.JPG,https://upload.wikimedia.org/wikipedia/commons/thumb/d/df/Dongjiaominxiang_Church_2013-05.JPG/960px-Dongjiaominxiang_Church_2013-05.JPG,CC BY-SA 3.0,猫猫的日记本,2013-05,《辛丑条约》第七款界址原文；围攻使馆清方谕旨,440,,116.408,39.902,现代实景影像
QH-ST-0047,QH-E-09；QH-E-10；QH-E-11,QH-P-000056；QH-P-000057；QH-P-000058,定东陵（慈禧陵）,同治十二年至光绪五年营建，光绪二十一年重修三殿。慈禧太后崩逝后葬于菩陀峪定东陵。民国十七年（1928年）发生孙殿英东陵盗案。,河北省遵化市清东陵定东陵保护区。三殿及地宫均已清理开放。,隆恩殿与东西配殿木构全部采用名贵黄花梨与金丝楠木，梁枋彩画为纯金叶贴金，石栏板雕刻「凤在上、龙在下」。照片拍的是隆恩殿今貌。,菩陀峪定东陵（慈禧陵）与普祥峪定东陵（慈安陵）并列于定陵东侧，合称定东陵。盗案细节须回档案与军事法庭记录，不采坊间演义传闻。,晚清垂帘半个世纪的统治者陵寝，金丝楠木殿与凤引龙雕栏见证了后宫权力的极峰。,S二手索引,绿,https://commons.wikimedia.org/wiki/File:Ding_Tomb(east)_in_Dong_Tombs_of_Qing_Dynasty.jpg,https://upload.wikimedia.org/wikipedia/commons/3/39/Ding_Tomb%28east%29_in_Dong_Tombs_of_Qing_Dynasty.jpg,CC BY-SA 3.0,Zhangzhugang,2014,光绪二十一年重修档案；民国十七年盗陵清理报告,450,2,117.671,40.184,现代实景影像
QH-ST-0034,QH-E-11,QH-P-000058,崇陵,光绪崇陵，宣统二年建成。清帝陵最后建成者。光绪三十四年崩于瀛台，宣统元年梓宫暂安，宣统二年入葬崇陵。隆恩殿用铁罗汉松木，不用传统楠木。,河北省保定市易县清西陵崇陵。地宫在 1938 年被盗后清理开放，是西陵唯一开放地宫的帝陵。,崇陵是清代最后一座帝陵。隆恩殿梁枋采用名贵铜色铁罗汉松木，颜色深沉，与其他帝陵的金丝楠木殿截然不同。地宫 1938 年被盗后经清理开放，棺椁内遗物已散失。照片拍的是今貌。,葬地事实据官书；地宫被盗据档案与清理记录。,中国最后一座帝王陵寝。隆恩殿用的不是楠木，是铜色铁罗汉松木。,S二手索引,绿,"https://commons.wikimedia.org/wiki/File:Long%27en_Hall_of_Chongling_in_Western_Qing_Tombs,_2017-01-10.jpg",https://upload.wikimedia.org/wikipedia/commons/a/a3/Long%27en_Hall_of_Chongling_in_Western_Qing_Tombs%2C_2017-01-10.jpg,CC BY-SA 4.0,Siyuwj,2017,,460,,115.388,39.356,现代实景影像
QH-ST-0044,QH-E-12,QH-P-000059,武昌起义,宣统三年八月十九日（1911年10月10日），武昌工程营新军起义，攻占督署，各省相继响应独立，清王朝统绪自此动摇，次年清帝逊位。,湖北省武汉市武昌区阅马场。辛亥革命武昌起义纪念馆（原湖北省咨议局大楼，俗称「红楼」）、起义门旧址。,红楼原为清末宣统元年湖北省咨议局大楼，起义后成为中华民国军政府鄂军都督府旧址；起义门为武昌旧城中和门。建筑为清末原物保存。,武昌起义是辛亥革命发端，至宣统三年十二月二十五日清帝颁布逊位诏书正式退位，其间历经数月南北议和，不要把起义当天等同于退位当日。,辛亥首义建立军政府之处，清末省咨议局的红砖洋楼见证了两千多年帝制的终结。,S二手索引,绿,https://commons.wikimedia.org/wiki/File:Wuchang_Uprising_Site_Honglou.jpg,https://upload.wikimedia.org/wikipedia/commons/thumb/c/cf/Wuchang_Uprising_Site_Honglou.jpg/960px-Wuchang_Uprising_Site_Honglou.jpg,CC BY-SA 4.0,见文件页,2015,宣统三年八月实录与奏折；清廷派荫昌、袁世凯南下上谕,470,,114.307,30.539,现代实景影像
QH-ST-0027,QH-E-12,QH-P-000059,伪满皇宫,1932-1945年溥仪在日本扶植下任伪满洲国执政/皇帝，这不是清朝的继续在位——1912年已经退位，1917复辟和伪满都不算清朝连续在位。,吉林省长春市伪满皇宫博物院（原伪满皇宫旧址），仍能走进去，照片拍的是博物院正门。,溥仪在此居住和办公。不是清朝皇宫，不写进清朝帝系。北京故宫、沈阳故宫是另一套。长春这一处是二十世纪的伪政权宫殿，今天是博物馆。看见的门和陈列是后来层。,伪满皇宫不是清朝皇宫，不写进清朝帝系的在位止年。1917复辟和伪满不算清朝连续在位。在位止年仍是1912年退位。不要把博物院讲解写成宣统朝本纪的续篇。,溥仪在此当皇帝，但不是清朝的皇帝。,S二手索引,绿,https://commons.wikimedia.org/wiki/File:%E4%BC%AA%E6%BB%A1%E7%9A%87%E5%AE%AB%E5%8D%9A%E7%89%A9%E9%99%A2.jpg,https://upload.wikimedia.org/wikipedia/commons/thumb/a/af/%E4%BC%AA%E6%BB%A1%E7%9A%87%E5%AE%AB%E5%8D%9A%E7%89%A9%E9%99%A2.jpg/960px-%E4%BC%AA%E6%BB%A1%E7%9A%87%E5%AE%AB%E5%8D%9A%E7%89%A9%E9%99%A2.jpg,CC BY-SA 4.0,PlayerEric1,2020,具体摄影者与日期待核,480,,125.347,43.901,现代实景影像
