work_id,emperor_id,文献名称,文献类型,编纂者/作者,成书年代,卷数,内容概述,证据状态,来源入口,备注,排序,dedicated_chapter,open_state,source_unit_ids
QH-W-001,QH-E-01,太祖高皇帝实录,实录,敕修,天聪九年始修、崇德元年(1636)成书；顺治康熙重修,首卷3＋正文10卷,努尔哈赤朝编年史。天聪九年始修、崇德元年成书，顺治、康熙朝多次重修。前三朝实录版本反复改写，是研究清初官方史学的重要线索。,S二手索引,https://fhac.com.cn/fulltext_detail/2/359377,前三朝实录存在版本层叠；康熙重修本与崇德初修本差异待核,10,,L0,
QH-W-002,QH-E-01,满洲实录,实录/图说,敕修,乾隆朝重绘,8卷,满蒙汉三体合璧，配图。记始祖至太祖朝史事。乾隆朝据旧本重绘，是研究满族起源叙事的重要文献。,S二手索引,https://zh.wikisource.org/wiki/滿洲實錄/卷一,本库已钉卷一十三副遗甲与尼堪外兰两条短引（乾隆重绘层，不作崇德旧本）；图像层仍待核。,20,nurhaci-04,L3,QH-SU-NH-MZSL-0001A；QH-SU-NH-MZSL-0001B
QH-W-003,QH-E-01,太祖高皇帝圣训,圣训,敕编,康熙二十五年,4卷,分类辑录努尔哈赤谕旨训示，分敬天、圣孝、神武等门类。,S二手索引,,,30,,L0,
QH-W-004,QH-E-02,太宗文皇帝实录,实录,敕修,顺治九年(1652)初修；康熙重修,首卷3＋正文65卷,皇太极朝编年史。天聪汗位（1626—1636）与崇德帝位（1636—1643）分记。1631年设六部，1636年文馆改内三院；两项制度变动不可压成同一年。也是研究改国号、蒙古八旗等变革的核心史料。,S二手索引,https://fhac.com.cn/fulltext_detail/2/359377,天聪年间与崇德年间的纪年体制不同，需分开引用,40,,L0,
QH-W-005,QH-E-02,太宗文皇帝圣训,圣训,敕编,康熙朝,6卷,分类辑录皇太极谕旨，涵盖治国、用人、军事等方面。,S二手索引,,,50,,L0,
QH-W-006,QH-E-03,世祖章皇帝实录,实录,敕修,康熙十一年,首卷3＋正文144卷,顺治朝编年史。1643盛京即位及济尔哈朗、多尔衮辅政，1644入关迁都并再次登极，亲政后追罪多尔衮等关键节点均在此记录。是研究清入关初期政治的核心史料。,S二手索引,https://fhac.com.cn/fulltext_detail/2/359377,顺治出家说不可据实录记载；实录对多尔衮的叙述存在后世修订,60,,L0,
QH-W-007,QH-E-03,世祖章皇帝圣训,圣训,敕编,康熙二十六年,6卷,四库本已列出康熙二十六年序与乾隆四年序短引。两序皆称一百一十三条、六卷。正文各卷未见可引分页。,S二手索引,https://zh.wikisource.org/wiki/世祖章皇帝聖訓_(四庫全書本),康熙序、乾隆序皆不是顺治自撰，也不是实录。条数同称，不是另开正文。,70,shunzhi-02,L3,QH-SU-SZ-SX-0001A；QH-SU-SZ-SX-0001B；QH-SU-SZ-SX-0001C；QH-SU-SZ-SX-0001D
QH-W-008,QH-E-03,御制资政要览,御制,顺治帝撰,顺治十二年,3卷,四库御定本已列出正月序与三十章各条开端。睦亲、慎行正文皆标第二十九，分层保留。不是原刊本。,S二手索引,https://zh.wikisource.org/wiki/御定資政要覽_(四庫全書本)/全覽,四库御定本层。夹注不作正文。目录友道/宏义与正文兄弟章/𢎞義章分层。开端不证汉学修养有多深。,80,shunzhi-02,L3,QH-SU-SZ-ZZYL-0001A；QH-SU-SZ-ZZYL-0001B；QH-SU-SZ-ZZYL-0001C；QH-SU-SZ-ZZYL-0001D；QH-SU-SZ-ZZYL-0001E；QH-SU-SZ-ZZYL-0001F；QH-SU-SZ-ZZYL-0001G；QH-SU-SZ-ZZYL-0001H；QH-SU-SZ-ZZYL-0001I；QH-SU-SZ-ZZYL-0001J；QH-SU-SZ-ZZYL-0001K；QH-SU-SZ-ZZYL-0001L；QH-SU-SZ-ZZYL-0001M；QH-SU-SZ-ZZYL-0001N；QH-SU-SZ-ZZYL-0001O；QH-SU-SZ-ZZYL-0001P；QH-SU-SZ-ZZYL-0001Q；QH-SU-SZ-ZZYL-0001R；QH-SU-SZ-ZZYL-0001S；QH-SU-SZ-ZZYL-0001T；QH-SU-SZ-ZZYL-0001U；QH-SU-SZ-ZZYL-0001V；QH-SU-SZ-ZZYL-0001W；QH-SU-SZ-ZZYL-0001X；QH-SU-SZ-ZZYL-0001Y；QH-SU-SZ-ZZYL-0001Z；QH-SU-SZ-ZZYL-0002A；QH-SU-SZ-ZZYL-0002B；QH-SU-SZ-ZZYL-0002C；QH-SU-SZ-ZZYL-0002D；QH-SU-SZ-ZZYL-0002E；QH-SU-SZ-ZZYL-0002F
QH-W-009,QH-E-03,御制劝善要言,御制,顺治帝撰,顺治十二年,1卷,顺治帝辑录儒家经典中关于劝善的格言，加以注释阐发。体现其推崇儒家伦理教化的立场。,S二手索引,,,90,shunzhi-02,L0,
QH-W-010,QH-E-03,御制人臣儆心录,御制,顺治帝撰,顺治朝,1卷,专为诫谕臣工而作，阐述为臣之道与官箴。,S二手索引,,,100,,L0,
QH-W-011,QH-E-04,圣祖仁皇帝实录,实录,敕修,雍正九年,首卷3＋正文300卷,康熙朝编年史。清代在位最长的皇帝，实录卷帙浩繁，涵盖平三藩、收台湾、雅克萨、三征噶尔丹、两废太子等重大事件。是当前项目深挖的核心史料。,S二手索引,https://sillok.history.go.kr/mc/id/qsilok_005,已开条次均补 ctext chapter 稳定卷页。卷48册谥诏、卷107二月甲申随驾、卷170正月甲戌疏与得旨、卷183五月癸卯回顾已钉到日。维基文库卷之四十八本次未见正文。不镜像全书。,110,,L3,QH-SU-KX-0001；QH-SU-KX-0300A；QH-SU-KX-0300；QH-SU-KX-0300C；QH-SU-KX-0234A；QH-SU-KX-0234B；QH-SU-KX-0234C；QH-SU-KX-0234D；QH-SU-KX-0234E；QH-SU-KX-0237A；QH-SU-KX-0058A；QH-SU-KX-0251A；QH-SU-KX-0251B；QH-SU-KX-0251C；QH-SU-KX-0056A；QH-SU-KX-0048；QH-SU-KX-SZSL-0001A；QH-SU-KX-SZSL-0002A；QH-SU-KX-SZSL-0002B；QH-SU-KX-SZSL-0002C
QH-W-012,QH-E-04,圣祖仁皇帝圣训,圣训,敕编,雍正九年,60卷,四库本已列出雍正九年十二月二十日御制序短引。序自称六十卷。正文各卷未见可引分页。,S二手索引,https://zh.wikisource.org/wiki/聖祖仁皇帝聖訓_(四庫全書本),雍正序，不是康熙自撰，也不是实录。后出四十卷本QH-W-073不是同一部。,120,kangxi-05,L3,QH-SU-KX-SX-0001A；QH-SU-KX-SX-0001B
QH-W-013,QH-E-04,圣祖仁皇帝御制文集,御制文集,康熙帝撰；张玉书等编,康熙朝陆续编成,176卷(四集),四库本已列出馆臣提要分集与刊成短引。四集正文未见可引分页。,S二手索引,https://zh.wikisource.org/wiki/聖祖仁皇帝御製文集_(四庫全書本),馆臣案语不是康熙自撰，也不是文集正文。四集刊成于雍正十年，不得单归康熙朝。,130,kangxi-05,L3,QH-SU-KX-YZWJ-0001A；QH-SU-KX-YZWJ-0001B
QH-W-014,QH-E-04,康熙字典,敕编,张玉书、陈廷敬等奉敕纂,康熙五十五年,42卷,收字47035个，是中国古代收字最多的字典。按部首笔画编排，注音释义引书证，至今仍是阅读古籍的常用工具书。,S二手索引,https://ctext.org/library.pl?if=gb&res=77326,公版；后世有修订,140,,L0,
QH-W-015,QH-E-04,古今图书集成,敕编,陈梦雷初编；蒋廷锡等奉敕续编,康熙四十五年(1706)初编；雍正四年(1726)刊行,10000卷,跨康雍两朝的大型类书。本书正文尚无可直接回查。文集《古今图书集成序》已另拆开端。,S二手索引,https://zh.wikisource.org/wiki/古今圖書集成,康熙朝始编、雍正朝刊行，不得单归一朝。文集序不是本书。,150,kangxi-05,L0,
QH-W-016,QH-E-04,庭训格言,御制/语录,雍正帝辑录康熙训诲,雍正八年,1卷,雍正帝将康熙日常训诲辑录成书，目录登记246条。现有底本是雍正朝追录本；已列出三条短引，不能据此证明246条逐条都是康熙原声。,S二手索引,https://zh.wikisource.org/wiki/%E5%BA%AD%E8%A8%93%E6%A0%BC%E8%A8%80_%28%E5%9B%9B%E5%BA%AB%E5%85%A8%E6%9B%B8%E6%9C%AC%29,目录将其归为康熙训诲；现有B级追录本仅钉三条，不能作246条逐条原声证明。与 QH-W-072 同书分条，本条保留早期登记。,160,kangxi-13,L3,QH-SU-KX-TXGY-0001A；QH-SU-KX-TXGY-0001B；QH-SU-KX-TXGY-0001C
QH-W-017,QH-E-04,御选唐诗,敕编,康熙帝御选；陈廷敬等奉敕编注,康熙五十二年,32卷,康熙帝亲选唐诗，命儒臣注释。反映康熙个人的文学品味和以诗教化的理念。,S二手索引,,,170,,L0,
QH-W-018,QH-E-04,佩文韵府,敕编,张玉书等奉敕纂,康熙五十年,444卷,大型韵书兼辞书，按韵编排，收录词藻典故，是诗文写作的参考工具书。,S二手索引,,,180,,L0,
QH-W-019,QH-E-04,渊鉴类函,敕编,张英等奉敕纂,康熙四十九年,450卷,在明人《唐类函》基础上大幅扩充的类书，分四十五部。,S二手索引,,,190,,L0,
QH-W-020,QH-E-04,历象考成,敕编,康熙帝主持；允祉等奉敕纂,康熙五十二年,42卷,天文历法著作，结合西洋历法与中国传统星象。是康熙朝西学东渐在官方学术中的体现。,S二手索引,,与传教士南怀仁等的工作相关；见康熙西学章,200,,L0,
QH-W-021,QH-E-04,皇舆全览图,敕编,康熙帝主持；传教士测绘,康熙五十八年,全国地图,中国历史上第一次采用近代测绘方法绘制的全国地图，由传教士与中国学者合作完成。,S二手索引,,绘制过程与传教士来华背景相关,210,,L0,
QH-W-022,QH-E-05,世宗宪皇帝实录,实录,敕修,乾隆六年,首卷3＋正文159卷,雍正朝编年史。涵盖即位、秘密建储、耗羡归公、改土归流、军机处、年隆案等核心事件。已列出即位礼、甲午宾天、崩逝、年羹尧案、隆科多狱辞与十年恤赠条次。,S二手索引,https://sillok.history.go.kr/mc/id/qsilok_006,已开条次均补 ctext chapter 稳定卷页。即位礼、甲午宾天、崩逝、年案、隆科多六月调回与革爵、十月狱辞、七年投书追记、华夷谕颁布、不诛、军需密办、十年三月铸印、十年恤赠已钉韩国站条次。七年实录无军机房字。十年三月铸印未见改称句。十年恤赠未见始设句。会典未开。刻本朱批≠原折。崩逝条未写地点与死因。,220,,L3,QH-SU-YZ-QSL-0001A；QH-SU-YZ-QSL-0001B；QH-SU-YZ-QSL-0001C；QH-SU-YZ-QSL-0058A；QH-SU-YZ-QSL-0058B；QH-SU-YZ-QSL-0116A；QH-SU-YZ-QSL-0159A；QH-SU-YZ-QSL-0039A；QH-SU-YZ-QSL-0062A；QH-SU-YZ-QSL-0120A；QH-SU-YZ-QSL-0082A；QH-SU-YZ-QSL-0081A；QH-SU-YZ-QSL-0086A；QH-SU-YZ-QSL-0087A
QH-W-023,QH-E-05,世宗宪皇帝圣训,圣训,敕编,乾隆五年,36卷,分类辑录雍正谕旨。四库本已列出乾隆御制序、卷一圣德、卷二圣德及卷三圣孝康熙六十一年十一月丙申节哀至乙巳尊谥庙号、十二月甲寅奉安寿皇殿短引；其余各卷尚无可直接回查。,S二手索引,https://zh.wikisource.org/wiki/%E4%B8%96%E5%AE%97%E6%86%B2%E7%9A%87%E5%B8%9D%E8%81%96%E8%A8%93_%28%E5%9B%9B%E5%BA%AB%E5%85%A8%E6%9B%B8%E6%9C%AC%29,四库刻本层。甲寅奉安不得与丁酉安奉并篇。不是实录。不得写成三十六卷已开。,230,yongzheng-03,L3,QH-SU-YZ-SX-0001A；QH-SU-YZ-SX-0001B；QH-SU-YZ-SX-0001C；QH-SU-YZ-SX-0001D；QH-SU-YZ-SX-0001E；QH-SU-YZ-SX-0001F；QH-SU-YZ-SX-0001G；QH-SU-YZ-SX-0001H；QH-SU-YZ-SX-0001I；QH-SU-YZ-SX-0001J；QH-SU-YZ-SX-0001K；QH-SU-YZ-SX-0001L；QH-SU-YZ-SX-0001M；QH-SU-YZ-SX-0001N；QH-SU-YZ-SX-0001O；QH-SU-YZ-SX-0001P；QH-SU-YZ-SX-0001Q；QH-SU-YZ-SX-0001R；QH-SU-YZ-SX-0001S；QH-SU-YZ-SX-0001T；QH-SU-YZ-SX-0001U；QH-SU-YZ-SX-0001V；QH-SU-YZ-SX-0001W；QH-SU-YZ-SX-0001X；QH-SU-YZ-SX-0001Y；QH-SU-YZ-SX-0001Z；QH-SU-YZ-SX-0002A；QH-SU-YZ-SX-0002B；QH-SU-YZ-SX-0002C；QH-SU-YZ-SX-0002D；QH-SU-YZ-SX-0002E；QH-SU-YZ-SX-0002F；QH-SU-YZ-SX-0002G；QH-SU-YZ-SX-0002H；QH-SU-YZ-SX-0002I；QH-SU-YZ-SX-0002J；QH-SU-YZ-SX-0002K；QH-SU-YZ-SX-0002L；QH-SU-YZ-SX-0002M；QH-SU-YZ-SX-0002N；QH-SU-YZ-SX-0002O；QH-SU-YZ-SX-0002P；QH-SU-YZ-SX-0002Q；QH-SU-YZ-SX-0002R；QH-SU-YZ-SX-0002S；QH-SU-YZ-SX-0002T；QH-SU-YZ-SX-0002U；QH-SU-YZ-SX-0002V；QH-SU-YZ-SX-0002W；QH-SU-YZ-SX-0002X；QH-SU-YZ-SX-0002Y；QH-SU-YZ-SX-0002Z；QH-SU-YZ-SX-0003A；QH-SU-YZ-SX-0003B；QH-SU-YZ-SX-0003C；QH-SU-YZ-SX-0003D；QH-SU-YZ-SX-0003E；QH-SU-YZ-SX-0003F；QH-SU-YZ-SX-0003G；QH-SU-YZ-SX-0004A；QH-SU-YZ-SX-0004B；QH-SU-YZ-SX-0004C；QH-SU-YZ-SX-0004D；QH-SU-YZ-SX-0004E；QH-SU-YZ-SX-0004F；QH-SU-YZ-SX-0004G；QH-SU-YZ-SX-0004H；QH-SU-YZ-SX-0004I；QH-SU-YZ-SX-0004J；QH-SU-YZ-SX-0004K；QH-SU-YZ-SX-0004L；QH-SU-YZ-SX-0004M；QH-SU-YZ-SX-0004N；QH-SU-YZ-SX-0004O；QH-SU-YZ-SX-0004P；QH-SU-YZ-SX-0004Q；QH-SU-YZ-SX-0004R；QH-SU-YZ-SX-0004S；QH-SU-YZ-SX-0004T；QH-SU-YZ-SX-0004U；QH-SU-YZ-SX-0004V；QH-SU-YZ-SX-0004W；QH-SU-YZ-SX-0004X；QH-SU-YZ-SX-0004Y；QH-SU-YZ-SX-0004Z；QH-SU-YZ-SX-0005A；QH-SU-YZ-SX-0005B；QH-SU-YZ-SX-0005C；QH-SU-YZ-SX-0005D；QH-SU-YZ-SX-0005E；QH-SU-YZ-SX-0005F；QH-SU-YZ-SX-0005G；QH-SU-YZ-SX-0005H；QH-SU-YZ-SX-0005I；QH-SU-YZ-SX-0005J；QH-SU-YZ-SX-0005K；QH-SU-YZ-SX-0005L；QH-SU-YZ-SX-0005M；QH-SU-YZ-SX-0005N；QH-SU-YZ-SX-0005O；QH-SU-YZ-SX-0005P；QH-SU-YZ-SX-0005Q；QH-SU-YZ-SX-0005R；QH-SU-YZ-SX-0005S；QH-SU-YZ-SX-0005T；QH-SU-YZ-SX-0005U；QH-SU-YZ-SX-0005V；QH-SU-YZ-SX-0005W；QH-SU-YZ-SX-0005X；QH-SU-YZ-SX-0005Y；QH-SU-YZ-SX-0005Z；QH-SU-YZ-SX-0006A；QH-SU-YZ-SX-0006B；QH-SU-YZ-SX-0006C；QH-SU-YZ-SX-0006D；QH-SU-YZ-SX-0006E；QH-SU-YZ-SX-0006F；QH-SU-YZ-SX-0006G；QH-SU-YZ-SX-0006H；QH-SU-YZ-SX-0006I；QH-SU-YZ-SX-0006J；QH-SU-YZ-SX-0006K；QH-SU-YZ-SX-0006L；QH-SU-YZ-SX-0006M；QH-SU-YZ-SX-0006N；QH-SU-YZ-SX-0006O；QH-SU-YZ-SX-0006P；QH-SU-YZ-SX-0006Q；QH-SU-YZ-SX-0006R
QH-W-024,QH-E-05,大义觉迷录,御制/谕旨汇编,雍正帝敕编,雍正七年,4卷,雍正朝政治宣传刊本。四卷汇编审讯、上谕、题本与《归仁说》。卷一至卷四显式段落已按短摘与五件套解读；长篇无编号上谕不镜像全书。自辩不作继位终审。,S二手索引,https://zh.wikisource.org/wiki/%E5%A4%A7%E7%BE%A9%E8%A6%BA%E8%BF%B7%E9%8C%84,ctext 入口已失效。不镜像全书。七年秋冬实录未见书名；十三年十月十九日停讲缴书候旨；十二月十九日凌迟。本纪十月壬申治罪与磔市另层。不得写已证伪改诏。显式段落条次已拆主张。,240,yongzheng-04,L3,QH-SU-YZ-DYJML-0001A；QH-SU-YZ-DYJML-0001B；QH-SU-YZ-DYJML-0001C；QH-SU-YZ-DYJML-0003A；QH-SU-YZ-DYJML-0003B；QH-SU-YZ-DYJML-0004A
QH-W-025,QH-E-05,朱批谕旨,谕旨汇编,雍正帝原批；乾隆三年选刻,乾隆三年,360卷,雍正帝亲笔批答臣工奏折的选编。朱批以直白、犀利著称，是了解雍正性格、行政风格和朝政决策的第一手材料。刻本与原折存在差异，台北故宫藏有原折。,S二手索引,https://zh.wikisource.org/wiki/硃批諭_(四庫全書本)/卷003,四库刻本卷三已钉杨名时三批短引；刻本有删选，不能等同于原折。,250,yongzheng-02,L3,QH-SU-YZ-ZPYZ-0001A；QH-SU-YZ-ZPYZ-0001B；QH-SU-YZ-ZPYZ-0001C
QH-W-026,QH-E-05,圣谕广训,御制,雍正帝撰,雍正二年,1卷,雍正帝对康熙《圣谕十六条》的逐条演绎。四库本已列出序与十六条各条开端短引；朔望宣讲落实尚无可直接回查。,S二手索引,https://zh.wikisource.org/wiki/聖諭廣訓_(四庫全書本),四库刻本层，不是雍正二年原刊本。万言是序的自称，不作字数统计。,260,yongzheng-03,L3,QH-SU-YZ-SYGX-0001A；QH-SU-YZ-SYGX-0001B；QH-SU-YZ-SYGX-0001C；QH-SU-YZ-SYGX-0001D；QH-SU-YZ-SYGX-0001E；QH-SU-YZ-SYGX-0001F；QH-SU-YZ-SYGX-0001G；QH-SU-YZ-SYGX-0001H；QH-SU-YZ-SYGX-0001I；QH-SU-YZ-SYGX-0001J；QH-SU-YZ-SYGX-0001K；QH-SU-YZ-SYGX-0001L；QH-SU-YZ-SYGX-0001M；QH-SU-YZ-SYGX-0001N；QH-SU-YZ-SYGX-0001O；QH-SU-YZ-SYGX-0001P；QH-SU-YZ-SYGX-0001Q
QH-W-027,QH-E-05,世宗宪皇帝御制文集,御制文集,雍正帝撰,乾隆朝编,30卷,四库本已列出诗卷两篇小序，以及全览论序、登极诏、圣祖实录序、圣训序、执中成宪、经筵讲义、遗稿题辞、景陵圣德神功碑、历代帝王庙碑文、育婴堂碑文、平定青海告成太学碑文、黑龙潭碑文、黄河澄清碑记、善因寺碑文、修建阙里圣庙碑文、和硕怡贤亲王碑文、惠济庙碑文、贤良祠碑文、高家堰碑文、昭忠寺碑文、普陀山普济寺碑文、普陀山法雨寺碑文、崇恩寺碑文、报恩寺碑文、十方普觉寺碑文、紫阳道院碑文、天竺寺碑文、巻之十八历代帝王庙祭文、追封孔子五代告祭文、文庙增定从祀告祭文、阙里告祭文、太学文庙祭文、先师孔子诞辰告祭文、圣庙告成祭文、日月合璧五星联珠告祭景陵文、景陵悬匾告祭文、黄河澄清告祭景陵文、北镇庙祭文、追封关帝三代祭文、关帝告祭文、清和宣惠风伯之神祭文、巻之十九都城隍庙祭文、运河神祭文、黄河神祭文、三篇河神祭文、河源神祭文、清口河神祭文、武陟县河神祭文、永定河神庙告成祭文、奉安石景山永定河神像祭文、清口河神祭文乙、浙江海神祭文、河源神祭文乙、河神祭文丁、祈雨祭风神文、太岁坛诸神祈雨祝文、巻之二十历代帝王庙碑亭告成祭文、关帝庙碑亭告成祭文、都城隍庙碑亭告成祭文、明太祖并十三陵祭文、贤良祠祭文、和硕怡亲王初次祭文、和硕怡贤亲王祭文、诔和硕怡亲王诔、巻之二十一雍邸集春园读书、咏自鸣钟、山池晚步、春日泛舟、夜坐、春暮登楼、月夜对落花有感、月下独酌、春院小饮、雨霁、暮春、立夏、畅春园芍药花开作、花间小饮、晓晴、宫中直宿作开端。圆明园记全览未见正文。其余各卷未逐篇拆。,S二手索引,https://zh.wikisource.org/wiki/%E4%B8%96%E5%AE%97%E6%86%B2%E7%9A%87%E5%B8%9D%E5%BE%A1%E8%A3%BD%E6%96%87%E9%9B%86_%28%E5%9B%9B%E5%BA%AB%E5%85%A8%E6%9B%B8%E6%9C%AC%29/%E5%85%A8%E8%A6%BD,晓晴不得与宫中直宿作并篇。不得写成起居注已开。,270,yongzheng-08,L3,QH-SU-YZ-YZWJ-0001A；QH-SU-YZ-YZWJ-0001B；QH-SU-YZ-YZWJ-0001C；QH-SU-YZ-YZWJ-0001D；QH-SU-YZ-YZWJ-0001E；QH-SU-YZ-YZWJ-0001F；QH-SU-YZ-YZWJ-0001G；QH-SU-YZ-YZWJ-0001H；QH-SU-YZ-YZWJ-0001I；QH-SU-YZ-YZWJ-0001J；QH-SU-YZ-YZWJ-0001K；QH-SU-YZ-YZWJ-0001L；QH-SU-YZ-YZWJ-0001M；QH-SU-YZ-YZWJ-0001N；QH-SU-YZ-YZWJ-0001O；QH-SU-YZ-YZWJ-0001P；QH-SU-YZ-YZWJ-0001Q；QH-SU-YZ-YZWJ-0001R；QH-SU-YZ-YZWJ-0001S；QH-SU-YZ-YZWJ-0001T；QH-SU-YZ-YZWJ-0001U；QH-SU-YZ-YZWJ-0001V；QH-SU-YZ-YZWJ-0001W；QH-SU-YZ-YZWJ-0001X；QH-SU-YZ-YZWJ-0001Y；QH-SU-YZ-YZWJ-0001Z；QH-SU-YZ-YZWJ-0002A；QH-SU-YZ-YZWJ-0002B；QH-SU-YZ-YZWJ-0002C；QH-SU-YZ-YZWJ-0002D；QH-SU-YZ-YZWJ-0002E；QH-SU-YZ-YZWJ-0002F；QH-SU-YZ-YZWJ-0002G；QH-SU-YZ-YZWJ-0002H；QH-SU-YZ-YZWJ-0002I；QH-SU-YZ-YZWJ-0002J；QH-SU-YZ-YZWJ-0002K；QH-SU-YZ-YZWJ-0002L；QH-SU-YZ-YZWJ-0002M；QH-SU-YZ-YZWJ-0002N；QH-SU-YZ-YZWJ-0002O；QH-SU-YZ-YZWJ-0002P；QH-SU-YZ-YZWJ-0002Q；QH-SU-YZ-YZWJ-0002R；QH-SU-YZ-YZWJ-0002S；QH-SU-YZ-YZWJ-0002T；QH-SU-YZ-YZWJ-0002U；QH-SU-YZ-YZWJ-0002V；QH-SU-YZ-YZWJ-0002W；QH-SU-YZ-YZWJ-0002X；QH-SU-YZ-YZWJ-0002Y；QH-SU-YZ-YZWJ-0002Z；QH-SU-YZ-YZWJ-0003A；QH-SU-YZ-YZWJ-0003B；QH-SU-YZ-YZWJ-0003C；QH-SU-YZ-YZWJ-0003D；QH-SU-YZ-YZWJ-0003E；QH-SU-YZ-YZWJ-0003F；QH-SU-YZ-YZWJ-0003G；QH-SU-YZ-YZWJ-0003H；QH-SU-YZ-YZWJ-0003I；QH-SU-YZ-YZWJ-0003J；QH-SU-YZ-YZWJ-0003K；QH-SU-YZ-YZWJ-0003L；QH-SU-YZ-YZWJ-0003M；QH-SU-YZ-YZWJ-0003N；QH-SU-YZ-YZWJ-0003O；QH-SU-YZ-YZWJ-0003P；QH-SU-YZ-YZWJ-0003Q；QH-SU-YZ-YZWJ-0003R；QH-SU-YZ-YZWJ-0003S；QH-SU-YZ-YZWJ-0003T；QH-SU-YZ-YZWJ-0003U；QH-SU-YZ-YZWJ-0003V；QH-SU-YZ-YZWJ-0003W；QH-SU-YZ-YZWJ-0003X；QH-SU-YZ-YZWJ-0003Y；QH-SU-YZ-YZWJ-0003Z；QH-SU-YZ-YZWJ-0004A；QH-SU-YZ-YZWJ-0004B；QH-SU-YZ-YZWJ-0004C；QH-SU-YZ-YZWJ-0004D；QH-SU-YZ-YZWJ-0004E；QH-SU-YZ-YZWJ-0004F；QH-SU-YZ-YZWJ-0004G；QH-SU-YZ-YZWJ-0004H；QH-SU-YZ-YZWJ-0004I；QH-SU-YZ-YZWJ-0004J；QH-SU-YZ-YZWJ-0004K；QH-SU-YZ-YZWJ-0004L；QH-SU-YZ-YZWJ-0004M；QH-SU-YZ-YZWJ-0004N；QH-SU-YZ-YZWJ-0004O；QH-SU-YZ-YZWJ-0004P；QH-SU-YZ-YZWJ-0004Q；QH-SU-YZ-YZWJ-0004R；QH-SU-YZ-YZWJ-0004S；QH-SU-YZ-YZWJ-0004T；QH-SU-YZ-YZWJ-0004U；QH-SU-YZ-YZWJ-0004V；QH-SU-YZ-YZWJ-0004W；QH-SU-YZ-YZWJ-0004X；QH-SU-YZ-YZWJ-0004Y；QH-SU-YZ-YZWJ-0004Z；QH-SU-YZ-YZWJ-0005A；QH-SU-YZ-YZWJ-0005B；QH-SU-YZ-YZWJ-0005C；QH-SU-YZ-YZWJ-0005D；QH-SU-YZ-YZWJ-0005E；QH-SU-YZ-YZWJ-0005F；QH-SU-YZ-YZWJ-0005G；QH-SU-YZ-YZWJ-0005H；QH-SU-YZ-YZWJ-0005I；QH-SU-YZ-YZWJ-0005J；QH-SU-YZ-YZWJ-0005K；QH-SU-YZ-YZWJ-0005L；QH-SU-YZ-YZWJ-0005M；QH-SU-YZ-YZWJ-0005N；QH-SU-YZ-YZWJ-0005O；QH-SU-YZ-YZWJ-0005P；QH-SU-YZ-YZWJ-0005Q；QH-SU-YZ-YZWJ-0005R；QH-SU-YZ-YZWJ-0005S；QH-SU-YZ-YZWJ-0005T；QH-SU-YZ-YZWJ-0005U；QH-SU-YZ-YZWJ-0005V；QH-SU-YZ-YZWJ-0005W；QH-SU-YZ-YZWJ-0005X；QH-SU-YZ-YZWJ-0005Y；QH-SU-YZ-YZWJ-0005Z；QH-SU-YZ-YZWJ-0006A；QH-SU-YZ-YZWJ-0006B；QH-SU-YZ-YZWJ-0006C；QH-SU-YZ-YZWJ-0006D；QH-SU-YZ-YZWJ-0006E；QH-SU-YZ-YZWJ-0006F；QH-SU-YZ-YZWJ-0006G；QH-SU-YZ-YZWJ-0006H；QH-SU-YZ-YZWJ-0006I；QH-SU-YZ-YZWJ-0006J；QH-SU-YZ-YZWJ-0006K；QH-SU-YZ-YZWJ-0006L；QH-SU-YZ-YZWJ-0006M；QH-SU-YZ-YZWJ-0006N；QH-SU-YZ-YZWJ-0006O；QH-SU-YZ-YZWJ-0006P；QH-SU-YZ-YZWJ-0006Q；QH-SU-YZ-YZWJ-0006R；QH-SU-YZ-YZWJ-0006S；QH-SU-YZ-YZWJ-0006T；QH-SU-YZ-YZWJ-0006U；QH-SU-YZ-YZWJ-0006V；QH-SU-YZ-YZWJ-0006W；QH-SU-YZ-YZWJ-0006X；QH-SU-YZ-YZWJ-0006Y；QH-SU-YZ-YZWJ-0006Z；QH-SU-YZ-YZWJ-0007A；QH-SU-YZ-YZWJ-0007B；QH-SU-YZ-YZWJ-0007C；QH-SU-YZ-YZWJ-0007D；QH-SU-YZ-YZWJ-0007E；QH-SU-YZ-YZWJ-0007F；QH-SU-YZ-YZWJ-0007G；QH-SU-YZ-YZWJ-0007H；QH-SU-YZ-YZWJ-0007I；QH-SU-YZ-YZWJ-0007J；QH-SU-YZ-YZWJ-0007K
QH-W-028,QH-E-06,高宗纯皇帝实录,实录,敕修,嘉庆四年(1799)始修；嘉庆十二年成书,首卷5＋正文1500卷,乾隆朝编年史，是清代实录中卷帙最庞大的。涵盖平准噶尔、大小金川、四库全书、文字狱、马戛尔尼使团、禅位等。在位年数与实际掌权年数需分开。,S二手索引,https://fhac.com.cn/fulltext_detail/2/359377,实录卷帙浩大，通行检索需明确时间范围；1796—1799太上皇训政期记录口径需注意,280,,L0,
QH-W-029,QH-E-06,高宗纯皇帝圣训,圣训,敕编,嘉庆十二年,300卷,分类辑录乾隆谕旨，卷帙为清代圣训之最。,S二手索引,,,290,,L0,
QH-W-030,QH-E-06,御制诗集,御制诗集,乾隆帝撰,乾隆朝陆续编成,454卷,乾隆帝的诗集，收录约42000首诗歌（一说43000余首）。数量之巨冠绝古今，但文学评价参差不齐。诗中大量涉及政事、巡幸、战争、园林等，是研究乾隆朝历史的重要侧面材料。,S二手索引,,诗歌数量各家统计略有出入；诗中政事记述需与实录、档案互证,300,,L0,
QH-W-031,QH-E-06,御制文集,御制文集,乾隆帝撰,乾隆朝陆续编成,92卷,乾隆帝的文集，包括论、序、记、碑文、说、杂著等。与诗集互为补充，展现其全面的文治形象。,S二手索引,,,310,,L0,
QH-W-032,QH-E-06,四库全书,敕编,纪昀等奉敕纂,乾隆三十八年(1773)开馆；四十七年(1782)第一部成,79337卷,中国古代规模最大的丛书，分经史子集四部，收书约3500种。编纂过程中同时禁毁了大量被认为「违碍」的书籍，禁毁书数量各家统计不同。是乾隆朝文治与思想控制的双重标志。,S二手索引,,禁毁书与收录书是同一事件的两面；四库本对原文的删改需注意,320,,L0,
QH-W-033,QH-E-06,四库全书总目提要,敕编,纪昀等奉敕纂,乾隆四十七年,200卷,为《四库全书》收录及存目的每一部书撰写的提要，是中国古代目录学的集大成之作。,S二手索引,,,330,,L0,
QH-W-034,QH-E-06,钦定大清会典,敕编,允祹等奉敕纂,乾隆二十九年,100卷,清代典章制度的系统汇编，乾隆朝在康熙、雍正两朝会典基础上续修。,S二手索引,,康熙、雍正、乾隆、嘉庆、光绪五朝均有修纂，引用时需注明版本,340,,L0,
QH-W-035,QH-E-07,仁宗睿皇帝实录,实录,敕修,道光四年,首卷4＋正文374卷,嘉庆朝编年史。涵盖太上皇训政期（1796—1799）、诛和珅、白莲教、天理教攻宫等。1796—1799年名义在位与实际权力必须分开阅读。,S二手索引,https://fhac.com.cn/fulltext_detail/2/359377,训政期记录口径需标明,350,,L0,
QH-W-036,QH-E-07,仁宗睿皇帝圣训,圣训,敕编,道光四年,110卷,分类辑录嘉庆谕旨。,S二手索引,,,360,,L0,
QH-W-037,QH-E-07,御制文集,御制文集,嘉庆帝撰,嘉庆朝,50卷,嘉庆帝的诗文总集。,S二手索引,,,370,,L0,
QH-W-038,QH-E-07,御制诗集,御制诗集,嘉庆帝撰,嘉庆朝,180卷,嘉庆帝的诗集，数量在清代皇帝中仅次于乾隆。,S二手索引,,,380,,L0,
QH-W-039,QH-E-08,宣宗成皇帝实录,实录,敕修,咸丰六年,首卷5＋正文476卷,道光朝编年史。涵盖漕运盐政、禁烟、第一次鸦片战争、《南京条约》等。绵宁避讳改旻宁的名称时态需注意。,S二手索引,https://zh.wikisource.org/wiki/清實錄/宣宗成皇帝實錄/卷一,本库已钉卷一承德启匣、扈从请即位，以及卷476圆明园慎德堂再启匣与崩逝条。,390,daoguang-04,L3,QH-SU-DG-XZSL-0001A；QH-SU-DG-XZSL-0001B；QH-SU-DG-XZSL-0002A
QH-W-040,QH-E-08,宣宗成皇帝圣训,圣训,敕编,咸丰六年,130卷,分类辑录道光谕旨。,S二手索引,,,400,,L0,
QH-W-041,QH-E-08,御制文集,御制文集,道光帝撰,道光朝,26卷,道光帝的诗文总集。,S二手索引,,,410,,L0,
QH-W-042,QH-E-08,御制诗集,御制诗集,道光帝撰,道光朝,58卷,道光帝的诗集。,S二手索引,,,420,,L0,
QH-W-043,QH-E-09,文宗显皇帝实录,实录,敕修,同治五年,首卷4＋正文356卷,咸丰朝编年史。涵盖太平天国、第二次鸦片战争、圆明园被焚掠、避走热河、赞襄政务安排等。外战内乱中的个人与制度责任需分开。,S二手索引,https://zh.wikisource.org/wiki/文宗顯皇帝實錄/序,本库已钉同治朝进呈序：秋狝木兰未及回銮、阅六年书成三百五十六卷。实录日级正文未开。,430,xianfeng-02,L3,QH-SU-XF-WZSL-0001A
QH-W-044,QH-E-09,文宗显皇帝圣训,圣训,敕编,同治五年,110卷,分类辑录咸丰谕旨。,S二手索引,,,440,,L0,
QH-W-045,QH-E-09,御制文集,御制文集,咸丰帝撰,咸丰朝,10卷,咸丰帝的诗文总集。卷帙较小，与战乱环境有关。,S二手索引,,,450,,L0,
QH-W-046,QH-E-09,御制诗集,御制诗集,咸丰帝撰,咸丰朝,22卷,咸丰帝的诗集。,S二手索引,,,460,,L0,
QH-W-047,QH-E-10,穆宗毅皇帝实录,实录,敕修,光绪五年,首卷4＋正文374卷,同治朝编年史。涵盖辛酉政变、两宫垂帘、镇压太平天国、洋务运动、所谓「同治中兴」等。祺祥是拟用年号，不能并列为实际纪年。,S二手索引,https://fhac.com.cn/fulltext_detail/2/359377,祺祥年号仅拟用未实施,470,,L0,
QH-W-048,QH-E-10,穆宗毅皇帝圣训,圣训,敕编,光绪五年,160卷,分类辑录同治谕旨。,S二手索引,,,480,,L0,
QH-W-049,QH-E-10,御制文集,御制文集,同治帝撰,同治朝,16卷,同治帝的诗文总集。幼年即位，亲政时间短，个人著述有限。,S二手索引,,,490,,L0,
QH-W-050,QH-E-10,御制诗集,御制诗集,同治帝撰,同治朝,12卷,同治帝的诗集。,S二手索引,,,500,,L0,
QH-W-051,QH-E-11,德宗景皇帝实录,实录,敕修,宣统朝始修；民国十年(1921)成书,首卷4＋正文597卷,光绪朝编年史。涵盖甲午战争、戊戌变法、义和团、清末新政等。是研究晚清变革与危机的最重要编年史料。注意：成书已在民国，编纂环境与清代诸实录不同。,S二手索引,https://zh.wikisource.org/wiki/德宗景皇帝實錄/卷1,本库已钉卷1懿旨立嗣、卷102崇厚订约十八条、卷106金顺奏约必不可允。成书于民国，编纂立场需注意。,510,guangxu-02,L3,QH-SU-GX-DZSL-0001A；QH-SU-GX-DZSL-0001B；QH-SU-GX-DZSL-0001C
QH-W-052,QH-E-11,德宗景皇帝圣训,圣训,敕编,民国十年,145卷,分类辑录光绪谕旨。编纂背景与《德宗实录》同，成于民国。,S二手索引,,,520,,L0,
QH-W-053,QH-E-12,宣统政纪,政纪,敕修,民国间纂修,首卷1＋正文70卷,宣统朝的编年记录，体例仿实录但不称「实录」，因溥仪无清朝正式庙号谥号。涵盖摄政王载沣监国、预备立宪、武昌起义、清帝退位等。,S二手索引,https://fhac.com.cn/fulltext_detail/2/359377,不是「宣统帝实录」；溥仪无清朝庙号谥号,530,,L0,
QH-W-054,ALL,清实录（全帙）,实录汇编,中华书局影印,1986年影印出版,4433卷(含首卷),清代十一朝实录（含《满洲实录》）及《宣统政纪》的影印本，共60册。是当前最通行的完整版本。各朝实录的首卷、正文卷数、编纂年代和版本差异见各朝专条。,S二手索引,https://zh.wikisource.org/wiki/清實錄,已核圣祖三百卷、世宗一百五十九卷分卷目录（维基文库、ctext wiki、韩国站朝次页）。不是全书正文已开。各朝专条仍各自计打开程度。韩国站电子文本与影印本对应关系需逐条核验。,540,,L1,
QH-W-055,ALL,清代玉牒（各修次）,皇家谱牒/玉牒,敕修,清代屡修；末次修于宣统十三年（1921）,各修次不一；1921 年本单册 89×51 厘米,清朝历代皇帝宗族谱，分满、汉文两种。1921年本藏中国第一历史档案馆。康雍具体卷册卷页与合法核验路径仍不通。世表和公主表不是玉牒。,S二手索引,https://www.saac.gov.cn/daj/dawxyc/201201/d9e6e3e05d3b4cb698712b308fa09c1e.shtml,目录级（SRC-026）；谱系关系必须记修次与卷页，不得压成静态家谱；康雍卷页仍阻塞,550,,L0,
QH-W-056,QH-E-04,康熙起居注（出版本）,起居注,中国第一历史档案馆整理,中华书局 1984 年,全三册,康熙朝逐日记录。原件藏中国第一历史档案馆，1984年中华书局三册影印本为通行替代层。逐日原文尚未列到可回查位置，因此不据此作御榻口谕的第二来源。咸安宫最早出处也待这一层。,S二手索引,https://fhac.com.cn/consult.html,出版本为替代层；未打开逐日原文，不拆主张；咸安宫最早出处待此层,560,,L0,
QH-W-057,QH-E-05,雍正起居注册（出版本）,起居注,中国第一历史档案馆编,中华书局 1993 年,全五册,雍正朝逐日记录。一史馆编《雍正朝起居注册》五册（中华书局1993）为通行替代层。继位日记录尚未列到可回查位置。,S二手索引,https://fhac.com.cn/consult.html,同康熙起居注口径；未打开逐日原文，不拆主张；继位日与实录对读时记差异,570,,L0,
QH-W-058,QH-E-06,乾隆帝起居注（出版本）,起居注,中国第一历史档案馆编,广西师范大学出版社 2002 年,全四十二册,乾隆朝逐日记录；出版本为通行替代层，原件藏一史馆。,S二手索引,https://fhac.com.cn/consult.html,与实录互证时记两层差异,575,,L0,
QH-W-059,QH-E-07,嘉庆帝起居注（出版本）,起居注,中国第一历史档案馆编,广西师范大学出版社 2002 年,全二十二册,嘉庆朝逐日记录；含太上皇训政期（1796-1799），出版本为通行替代层。,S二手索引,https://fhac.com.cn/consult.html,训政期记录需单独看,576,,L0,
QH-W-060,QH-E-08,清代起居注册·道光朝,起居注,台北联合报文化基金会国学文献馆整理,1985 年,100 卷,道光朝逐日记录；台北联经出版本为通行替代层。,S二手索引,https://fhac.com.cn/consult.html,与实录互证时记两层差异,577,,L0,
QH-W-061,QH-E-09,清代起居注册·咸丰朝,起居注,台北联合报文化基金会国学文献馆整理,1983 年,57 卷,咸丰朝逐日记录；台北联经出版本为通行替代层。,S二手索引,https://fhac.com.cn/consult.html,避走热河时期记录需核,578,,L0,
QH-W-062,QH-E-10,清代起居注册·同治朝,起居注,台北联合报文化基金会国学文献馆整理,1983 年,43 卷,同治朝逐日记录；台北联经出版本为通行替代层。,S二手索引,https://fhac.com.cn/consult.html,垂帘期与亲政期记录分层,579,,L0,
QH-W-063,QH-E-11,清代起居注册·光绪朝,起居注,台北联合报文化基金会国学文献馆整理,1987 年,80 卷,光绪朝逐日记录；台北联经出版本为通行替代层。,S二手索引,https://fhac.com.cn/consult.html,戊戌前后记录需核,580,,L0,
QH-W-064,QH-E-12,宣统帝起居注（出版本）,起居注,中国第一历史档案馆编,广西师范大学出版社 2007 年,待核,宣统朝逐日记录；出版本为通行替代层。,S二手索引,https://fhac.com.cn/consult.html,摄政王监国期记录需核,581,,L0,
QH-W-065,ALL,满文老档（旧满洲档）,满文日录,内国史院等；乾隆朝重抄,天命至崇德；乾隆朝有重抄本,册数待核,努尔哈赤至皇太极时期的满文日录，早于实录。通行可见者多为乾隆重抄本及后来影印本。这里只登记入口，暂不逐条列出依据。,S二手索引,,乾隆重抄本不是天命原档。具体册数待核。,590,,L0,
QH-W-066,QH-E-04,平定三逆方略,方略,敕修,康熙朝,卷数待核,三藩之役的官修专题编年。事后进呈的战报体，不能代替《圣祖实录》逐日条。,S二手索引,,只登记书名。不进康熙大事记。,600,kangxi-06,L0,
QH-W-067,QH-E-06,平定准噶尔方略,方略,敕修,乾隆朝,卷数待核,平准之役官修专题编年。与《十全记》自述不是一层。,S二手索引,,卷数待核。不拿方略给十全当已核战果。,610,,L0,
QH-W-068,QH-E-06,平定两金川方略,方略,敕修,乾隆朝,卷数待核,大小金川之役官修专题编年。,S二手索引,,卷数待核。,620,,L0,
QH-W-069,QH-E-08,筹办夷务始末（道光朝）,夷务汇编,敕编,咸丰朝进呈,通行八十卷,按年月收上谕、奏折、照会。中方看禁烟和第一次鸦片战争的专题汇编，不是实录别名。,S二手索引,https://zh.wikisource.org/wiki/籌辦夷務始末/卷之一,本库已钉卷之一鸦片药性与禁例递加短引；全书未拆。,630,daoguang-01,L3,QH-SU-DG-CBYW-0001A
QH-W-070,QH-E-09,筹办夷务始末（咸丰朝）,夷务汇编,敕编,同治朝进呈,通行八十卷,第二次鸦片战争、换约等中方文书汇编。,S二手索引,,未拆卷。,640,xianfeng-01,L0,
QH-W-071,QH-E-10,筹办夷务始末（同治朝）,夷务汇编,敕编,光绪朝进呈,通行一百卷,洋务、教案、换约等中方文书汇编。,S二手索引,,未拆卷。,650,,L0,
QH-W-072,QH-E-04,庭训格言,御制,康熙训诲追录；雍正帝编录,雍正朝编定,1卷,目录登记246条。现有四库全书本是雍正朝追录层，已列出三条短引；不能据此证明全书逐条都是康熙原声。维基文库有四库全书本全文。,S二手索引,https://zh.wikisource.org/wiki/%E5%BA%AD%E8%A8%93%E6%A0%BC%E8%A8%80_%28%E5%9B%9B%E5%BA%AB%E5%85%A8%E6%9B%B8%E6%9C%AC%29,公版原典；标点层权利归贡献者；仅链接阅读与必要短引，三条已钉，不作全书逐条原声证明,720,kangxi-13,L3,QH-SU-KX-TXGY-0001A；QH-SU-KX-TXGY-0001B；QH-SU-KX-TXGY-0001C
QH-W-073,QH-E-04,圣祖仁皇帝圣训（四十卷本登记）,圣训,敕编,乾隆六年,40卷,后出四十卷本登记。维基文库四库本序自称六十卷，已挂QH-W-012。两部不得并成一书。,S二手索引,https://zh.wikisource.org/wiki/%E8%81%96%E7%A5%96%E4%BB%81%E7%9A%87%E5%B8%9D%E8%81%96%E8%A8%93_%28%E5%9B%9B%E5%BA%AB%E5%85%A8%E6%9B%B8%E6%9C%AC%29,四十卷本正文未见；不得把六十卷序写成四十卷已开。,730,,L0,
QH-W-074,ALL,东华录,编年,蒋良骐编,乾隆朝,32卷,抄撮实录而成的编年。蒋编保留清初后来被实录删改的史料，是研究清初官书改写的关键互勘来源。维基文库仅有书目页无全文（2026-08-22 核）。,S二手索引,https://zh.wikisource.org/wiki/%E6%9D%B1%E8%8F%AF%E9%8C%84,蒋编与后出王先谦《东华录》非一书；站内者为蒋编待核,740,,L0,
QH-W-075,QH-E-06,啸亭杂录,笔记,昭梿,道光朝,10卷＋续录5卷,清宗室视角的乾嘉朝野见闻。保存大量官书不载的一手观察，但夹杂传闻，须逐条与官书互勘。维基文库有全文。,S二手索引,https://zh.wikisource.org/wiki/%E5%98%AF%E4%BA%AD%E9%9B%9C%E9%8C%84,本库已钉三条短引；笔记类，不作单独定案依据。,750,huangtaiji-04,L3,QH-SU-HT-XTZL-0001A；QH-SU-HT-XTZL-0001B；QH-SU-HT-XTZL-0001C
QH-W-076,ALL,清史稿,纪传体史书,赵尔巽等撰,民国三年至十六年（1914-1927）,536卷,民国初设馆修纂的清代正史稿。本纪、志、表、传齐备，是检索清代人物与事件最快的旧式索引；成书仓促，史实与立场须逐条与实录、档案互勘。维基文库有序跋概述、各卷未备（2026-08-22 核）。,S二手索引,https://zh.wikisource.org/wiki/%E6%B8%85%E5%8F%B2%E7%A8%BF,本库已拆本纪、世表、后妃传等多卷条次并挂主张；后出史稿不作终审。,760,,L3,QH-SU-NH-QSG-0001A；QH-SU-HT-QSG-0002A；QH-SU-SZ-QSG-0004A；QH-SU-QSG-0006；QH-SU-YZ-QSG-0009A；QH-SU-QL-QSG-0015A；QH-SU-JQ-QSG-0016A；QH-SU-DG-QSG-0017A；QH-SU-XF-QSG-0020A；QH-SU-TZ-QSG-0021A；QH-SU-GX-QSG-0023A；QH-SU-XT-QSG-0025A
QH-W-077,QH-E-11,清季外交史料选辑,外交汇编选辑,王彦威辑；王希隐续；台湾银行经济研究室选,光绪至宣统；选辑本后出,不分卷（三册）,选自《清季外交史料》。维基文库现有导言、例言与目录；正文未上线。已列出导言源流与中法、马关目录条，不拆正文电文。,S二手索引,https://zh.wikisource.org/wiki/清季外交史料選輯,只证目录篇名与汇编源流；不得把目录写成原电正文，也不得把选辑写成筹办夷务始末原书。,770,guangxu-02,L2,QH-SU-GX-WJ-0001A；QH-SU-GX-WJ-0001B
QH-W-078,ALL,钦定宫中现行则例,宫规上谕汇编,内务府纂,嘉庆至光绪续修；通行本卷一收康至咸上谕,卷一已开,按日汇编宫中治理谕旨：灯火、太监、妃嫔母家、军机行走。已列出康雍乾嘉道咸诸条短引；全书尚未列出逐条依据。,S二手索引,https://zh.wikisource.org/wiki/欽定宮中現行則例/卷一,只证已开谕旨；不得把则例卷一写成后宫全貌，也不得把服役层禁令写成妃嫔私通。,780,kangxi-13,L3,QH-SU-KX-GZ-0001A；QH-SU-YZ-GZ-0001A；QH-SU-YZ-GZ-0001B；QH-SU-QL-GZ-0001A；QH-SU-QL-GZ-0001B；QH-SU-JQ-GZ-0001A；QH-SU-JQ-GZ-0001B；QH-SU-DG-GZ-0001B；QH-SU-DG-GZ-0001C；QH-SU-XF-GZ-0001A；QH-SU-XF-GZ-0001B
QH-W-079,QH-E-04,康熙遗诏（满汉合璧原件）,遗诏原件,圣祖颁；各馆藏本,康熙六十一年十一月,各馆藏本不一,康熙遗诏满汉合璧原件分藏中国第一历史档案馆与中研院史语所，另有汉文本。此处只登记馆藏入口，未见可核验的原件图像页。实录卷300第2/2条是官修文本层，不是原件。,S二手索引,https://fhac.com.cn/consult.html,一史馆、中研院各藏合璧本，另有汉文本；未见可合法核验的原件图像页；不得把展览报道写成已核原件；不拆主张,790,,L0,
QH-W-108,QH-E-01,清太祖武皇帝实录（太祖太后实录）,实录,敕修,天聪九年始修、崇德元年成书,卷数待核,崇德初修本，后称武皇帝实录。是康熙重修《太祖高皇帝实录》的前身层。本次未见原书或可靠影印页，只登记书名。,S二手索引,,不得拿维基文库康熙本冒充此书。与 QH-W-001 分层。,15,,L0,
QH-W-109,QH-E-01,太祖高皇帝实录（维基文库康熙本）,实录数字文本,勒德洪等监修（题）,康熙重修,首卷3＋正文10卷,康熙重修本的维基文库标点排印。本库已拆即位尊号、七大恨首恨、八旗颜色、广宁给印、宁远伤亡、崩条与累谥。页面有重复段落，只取短引。,S二手索引,https://zh.wikisource.org/wiki/清實錄/清太祖高皇帝實錄_(康熙本),不是崇德原修，不是中华书局1986影印对勘。建议合并时回写 QH-W-001 的 open_state 与 source_unit_ids，不必长期并立两条。,16,nurhaci-02,L3,QH-SU-NH-TZSL-0004A；QH-SU-NH-TZSL-0005A；QH-SU-NH-TZSL-0005B；QH-SU-NH-TZSL-0008A；QH-SU-NH-TZSL-0010A；QH-SU-NH-TZSL-0010B；QH-SU-NH-TZSL-0010C
QH-W-110,ALL,满文老档汉译（中华书局1990）,整理译本,中国第一历史档案馆、中国社会科学院历史研究所译注,1990,译注本册数待核原书,据内阁藏加圈点满文老档译注。整理者说明起1607迄1636，缺若干月。译本不是原档，也不是乾隆重抄本本身。ISBN 9787101005875。,S二手索引,,页码不写。与 QH-W-065 分层：065是书名入口，本条是1990汉译层。,591,,L0,
QH-W-111,QH-E-03,御制人臣儆心录,御制,四库总目称世祖御撰,顺治十二年,1卷,四库总目卷79：八篇（植党、好名、营私、徇利、骄志、作伪、附势、旷官），前有御制序。正文未开。,S二手索引,https://zh.wikisource.org/wiki/四庫全書總目提要/卷079,总目不是正文；执笔人是否另有儒臣，总目此条未写,100,shunzhi-02,L2,QH-SU-SZ-SKTY-0079AR1
QH-W-106,QH-E-03,大清律,敕编,敕修,顺治四年三月乙丑成（本纪）,待核,本纪只记「《大清律》成」。律文未见。,S二手索引,https://zh.wikisource.org/wiki/清史稿/卷4,不得写成已经打开律文,110,shunzhi-02,L0,QH-SU-SZ-0005JR1
QH-W-107,QH-E-03,顺治大训,敕编,待核,顺治十二年正月辛亥命修（本纪）,待核,本纪只记「修顺治大训」。正文未见。,S二手索引,https://zh.wikisource.org/wiki/清史稿/卷5,开修不是成书,120,shunzhi-02,L0,
QH-W-080,QH-E-04,明史（康熙开馆）,敕编,徐元文、叶方蔼、张玉书等总裁；后出张廷玉进呈,康熙十八年开馆；乾隆四年刊成,332卷（后出书志通行登记）,本纪卷6已开：十八年三月丙申朔修明史、以徐元文等为总裁。本书正文未开。跨康雍乾，不得单归康熙朝。,S二手索引,https://zh.wikisource.org/wiki/清史稿/卷6,开馆句不是成书句。万斯同私稿未开。,145,kangxi-05,L0,QH-SU-KX-QSG-0006J
QH-W-081,QH-E-04,清文鉴,敕编,康熙朝敕纂,康熙四十七年成（本纪）,卷数待核,本纪卷8：四十七年六月丁卯清文鉴成，上制序文。满汉对照官修辞书。序文与满文栏未见可引分页。,S二手索引,https://zh.wikisource.org/wiki/清史稿/卷8,不是满文原档，也不是起居注。,215,kangxi-05,L0,QH-SU-KX-QSG-0008C
QH-W-090,QH-E-06,日知荟说,御制,乾隆帝撰（藩邸日课选编）,序署乾隆丙辰中秋；四库本乾隆四十一年校上,4卷,序自称合二百六十则釐为四卷。馆臣提要分帝王治化、天人性命、礼乐法度、古今得失。正文各则未逐条打开。,S二手索引,https://zh.wikisource.org/wiki/日知薈説_(四庫全書本),不是四库禁书案。source_entity_id 待登记。,312,qianlong-14,L3,QH-SU-QL-RZHS-0001A
QH-W-091,QH-E-06,十全记（御制文三集卷八）,御制记,乾隆帝撰,乾隆五十七年,1篇,自列十功名目。先有诗句十全大武扬盖引而未发。本篇未见十全老人四字。主张已见 QH-A-CU-0001 / 0002，合并时勿再造 0090/0091。,S二手索引,https://zh.wikisource.org/wiki/御製文三集_(四庫全書本)/卷08,与 QH-W-031 文集互见。不拿本纪战役条顶替。,313,qianlong-14,L3,QH-SU-CU-0001
QH-W-092,QH-E-06,喇嘛说,御制碑文,乾隆帝撰,乾隆五十七年岁次壬子孟冬月之上澣,1篇,雍和宫碑拓本。兴黄教即所以安众蒙古。金瓶去转生一族之私。不是善后章程二十九条。,S二手索引,https://zh.wikisource.org/wiki/喇嘛說,原石未见。source_entity_id 待登记。碑署孟冬，本纪赍瓶在九月。,314,qianlong-13,L3,QH-SU-QL-LMS-0001A
QH-W-093,QH-E-06,钦定南巡盛典,敕编,高晋等奉敕纂,乾隆朝,卷数待核,维基文库本次只见书名页，正文未开。不拆驻跸细目。,S二手索引,https://zh.wikisource.org/wiki/欽定南巡盛典,只登记书名入口。启跸年见本纪专章。,315,qianlong-09,L0,
QH-W-JQ-01,QH-E-07,钦定平定教匪纪略,方略／敕编,嘉庆朝敕编,嘉庆朝,卷数待核,官修教匪方略入口。本轮未开卷，不得用来覆盖卷16「教匪」各条或通行九年平定说。,S二手索引,https://zh.wikisource.org/wiki/清史稿,只登记书名。未拆卷、未引正文。,585,jiaqing-08,L0,
QH-W-112,QH-E-08,南京条约（汉文本）,条约,耆英、伊里布与璞鼎查等,道光二十二年七月二十四日,不分卷,原无名称，通称江宁/南京/白门条约。汉文本已开五口、香港一岛、二千一百万圆与署款。英文本未对勘。,S二手索引,https://zh.wikisource.org/wiki/南京條約,题记称收于《海关中外条约》卷1、《道光条约》卷1；1843-06-26香港交换批准。不是原件。,800,daoguang-07,L3,QH-SU-DG-NJTY-0001A
QH-W-113,QH-E-08,养正书屋诗文集,御制,旻宁（即位前）,嘉庆朝编成（实录卷端）,四十卷（实录自称）,实录卷一称养正书屋诗文集四十卷，并记主敬存诚勤学改过四箴。集未开。与文献表文集26卷、诗集58卷不自动等同。,S二手索引,https://zh.wikisource.org/wiki/清實錄/宣宗成皇帝實錄/卷一,只证实录卷端如此写。不得把四十卷写成已开御制诗。,810,daoguang-02,L2,QH-SU-DG-XZSL-0001C
QH-W-082,QH-E-08,鸦片战争档案史料,档案辑本,今人辑；一史馆等,今人出版,册数待核,从一史馆等处辑出的禁烟与第一次鸦片战争档案。辑本不等于原折。,S二手索引,https://www.nlc.cn/,只登记书名。册数、编者、选录凡例待核。,820,daoguang-07,L0,
QH-W-114,QH-E-09,天朝田亩制度,太平天国印书,通行题洪秀全；刊本层待核,通行系太平天国壬子二年,1篇,军制与分田九等。已开「凡天下田，天下人同耕」短引。不是清方文件，也不是已核落地清册。,S二手索引,https://zh.wikisource.org/wiki/天朝田畝制度,对立文献，挂文宗朝只为战争史料对读。不得写入御制。,641,xianfeng-04,L3,QH-SU-XF-TP-0001A
QH-W-087,QH-E-09,资政新篇,太平天国印书,洪仁玕,通行系太平天国己未九年,1篇,干王呈天王条陈。已开「因时制宜，审势而行」短引。维基文库题记写未实行。,S二手索引,https://zh.wikisource.org/wiki/資政新篇,对立文献。不得写成已施行或总理衙门文件。,642,xianfeng-04,L3,QH-SU-XF-XZXP-0001A
QH-W-096,QH-E-10,治平宝鉴,敕编法戒,南书房上书房翰林等奉两宫懿旨汇纂,同治元年三月书成（本纪）,卷数待核,汇纂帝王政治及前史垂帘事迹。编纂谕见 QH-A-TZ-0014；本纪书成句见提案 QH-A-TZ-0023。全书未见可引分页。,S二手索引,https://zh.wikisource.org/wiki/清史稿/卷21,书成句不是已经打开全书。不得把蕉廊转录上谕写成原书正文。,655,tongzhi-08,L0,QH-SU-TZ-JL-0001A；QH-SU-TZ-QSG-0021I
QH-W-097,QH-E-10,剿平捻匪方略,方略,敕编,同治朝开馆；进呈年代待核,通行著录三百二十卷（待核）,本纪未拆方略进呈条。此处只登记书名层，正文未见。不得把通行卷数写成已经开卷。,S二手索引,,卷数与进呈年须回馆藏目录或方略卷首。不拆主张。,656,tongzhi-08,L0,
QH-W-084,QH-E-11,光绪帝起居注（十六册影印本）,起居注,中国第一历史档案馆编,广西师范大学出版社 2007 年,全十六册,据馆藏光绪朝起居注册选印。出版说明作三十四年共七百八十六册（正本三十二、稿本七百五十四，另附内起居注一册）。豆瓣公开目录第12册作二十三至二十四年，第13册作二十七至二十八年，附录收二十六年正月至七月内起居注。原文未拆。,S二手索引,https://book.douban.com/subject/3509657/,ISBN 9787563365951。不得写成已证缺二十五年、二十六年正本。与联经八十卷本 QH-W-063 是两部入口，不并成一书。,582,guangxu-08,L0,
QH-W-085,QH-E-11,光绪朝朱批奏折,已刊档案汇编·原档影印,中国第一历史档案馆编,中华书局 1996 年,一百二十册,馆藏光绪朝汉文朱批奏折近十万件影印，按类编排。黄：只登记书目，不镜像、不拆件。纸面有红笔不等于载湉亲决策。,S二手索引,https://book.douban.com/subject/23256907/,ISBN 9787101013054。满文折件不在此汉文汇编。引用须注册次、具奏人、朱批原文。,586,guangxu-07,L0,
QH-W-119,QH-E-11,戊戌变法史事考,今人专题史,茅海建,生活·读书·新知三联书店 2005 年,一册,用一史馆、日本外务省、台北近史所与故宫文献处档案考戊戌政变日程与上书制度。只登记书目，页码待补，不凭印象引正文。,S二手索引,https://book.douban.com/subject/1289247/,ISBN 9787108021953。2012年再版更名《戊戌变法史事考初集》，两版不并成已核页码。,587,guangxu-08,L0,
QH-W-098,QH-E-12,宣统皇帝退位诏,诏书,隆裕太后懿旨系统,1912-02-12,1件,王朝终结文本。文种是懿旨。签署链条待原件。,E1单源回查,https://zh.wikisource.org/wiki/宣統皇帝退位詔,不得写成幼帝亲笔；文本层已有 SRC-035,531,xuantong-01,L3,QH-SU-XT-TWZ-0001A
QH-W-099,QH-E-12,清室优待条件,契约/官文书,中华民国北京临时政府与清廷,1912-02-12,甲乙丙三项,辞位后的尊号、岁用、暂居宫禁、陵寝、私产等条款。,E1单源回查,https://zh.wikisource.org/wiki/清室優待條件,原件待核；本末转录与公报排印用词或有出入,532,xuantong-05,L2,QH-SU-XT-YD-0001A；QH-SU-XT-BM-0001A
QH-W-100,QH-E-12,修正清室优待条件,民国法令,中华民国临时执政府,1924-11-04,待核公报全文,馆方页摘即日移出宫禁。全文待核。,S二手索引,https://www.dpm.org.cn/classify_detail/156786.html,不是1912年合同本文,533,xuantong-05,L1,QH-SU-XT-YD-0002A
QH-W-101,QH-E-12,故宫物品点查报告,点查目录,清室善后委员会编,1925年起刊,6编28册（书志通行）,出宫后宫中物品登录。,S二手索引,https://www.nlc.cn/,不镜像；不抽未核件号,534,xuantong-09,L0,
QH-W-102,QH-E-12,我的前半生,回忆录,署名爱新觉罗·溥仪；李文达参与1964定本,1964定本；2007全本,1册（各版页数不同）,改造语境中的自述。不能回写退位诏。,S二手索引,https://www.qzcbs.com/,现代作品；红/黄；只登记版本,535,xuantong-11,L0,
QH-W-103,QH-E-12,Twilight in the Forbidden City,同时代私撰,Reginald F. Johnston,1934,1册,小朝廷英语教师的记录。有立场。,S二手索引,,中译本与页码待核；不伪造 URL,536,xuantong-11,L0,
