source_unit_id,source_entity_id,史料名,卷次,原纪年,网页公历标示,当日条次,直接记录网址,数字底本说明,证据等级,说明
QH-SU-KX-0001,SRC-027,圣祖仁皇帝实录,卷1,顺治十八年正月初九日,1661,1/3,https://sillok.history.go.kr/mc/id/qsilok_005_0010_0010_0010_0030_0010,卷1属于中国第一历史档案馆藏原皇史宬大红绫本所据范围,A2,即位礼与宣布次年为康熙元年的同日记录
QH-SU-KX-0300A,SRC-027,圣祖仁皇帝实录,卷300,康熙六十一年十一月十三日,1722,1/2,https://sillok.history.go.kr/mc/id/qsilok_005_3000_0010_0010_0110_0010,卷300属于故宫博物院图书馆藏原乾清宫小红绫本所据范围,A2,崩逝过程与御榻口谕。本条只写寝宫，未写畅春园或清溪书屋。口谕与同日第2/2条遗诏文本分层保存。页面仅标公历年1722。
QH-SU-KX-0300,SRC-027,圣祖仁皇帝实录,卷300,康熙六十一年十一月十三日,1722,2/2,https://sillok.history.go.kr/mc/id/qsilok_005_3000_0010_0010_0110_0020,卷300属于故宫博物院图书馆藏原乾清宫小红绫本所据范围,A2,遗诏文本；文本存在不等于遗诏形成与传达争议已解决
QH-SU-QSG-0214,SRC-025,清史稿,卷214,圣祖四后列传,,孝诚至孝恭四传,https://zh.wikisource.org/wiki/清史稿/卷214,维基文库《清史稿》卷214后妃传。后出纪传体，可与本纪矛盾，不作终审。,C,圣祖孝诚、孝昭、孝懿、孝恭。身份须按时态称号记录，不得只用最终谥号。玉牒原件未见。
QH-SU-QSG-0006,SRC-025,清史稿,卷6,康熙四年至二十年相关条,,本纪多日,https://zh.wikisource.org/wiki/清史稿/卷6,维基文库《清史稿》卷6圣祖本纪一。后出本纪，不作终审。,C,已核：四年九月辛卯册赫舍里氏；十三年五月丙寅胤礽生、皇后崩；十四年十二月丙寅立胤礽为皇太子；十六年八月丙寅册钮祜禄氏后、佟佳氏贵妃；十七年二月丁卯孝昭崩；二十年三月辛酉葬仁孝、孝昭于昌瑞山。立太子日与列传乙丑冲突。
QH-SU-QSG-0007,SRC-025,清史稿,卷7,康熙二十八年七月,1689,本纪条,https://zh.wikisource.org/wiki/清史稿/卷7,维基文库《清史稿》卷7圣祖本纪二。后出本纪，不作终审。,C,二十八年秋七月癸卯册立贵妃佟氏为皇后；甲辰皇后崩，谥曰孝懿。
QH-SU-QSG-0009,SRC-025,清史稿,卷9,雍正元年五月辛丑,1723,本纪条,https://zh.wikisource.org/wiki/清史稿/卷9,维基文库《清史稿》卷9世宗本纪。后出本纪，不作终审。,C,辛丑，仁寿皇太后崩，帝之生母也。徽号是否已上册，与后妃传「未上册」冲突。
QH-SU-KX-0048,SRC-002,圣祖仁皇帝实录,卷48,康熙十三年六月,1674,册谥诏,https://ctext.org/wiki.pl?if=gb&chapter=693352,本次打开的是 ctext 对《圣祖实录》卷48的转录，不是韩国站条次级页面；待回一史馆检索或韩国站核原本图像。,A2,庚申册谥册文称何舍里氏作朕元配、谥仁孝皇后。辛酉颁诏：五月初三日崩逝；六月二十七日册谥为仁孝皇后礼成。
QH-SU-QSG-0164,SRC-025,清史稿,卷164,皇子世表四圣祖系,,圣祖系全表,https://zh.wikisource.org/wiki/清史稿/卷164,维基文库《清史稿》卷164皇子世表四。后出表，不作玉牒替代，不作终审。,C,圣祖系入序第一至第二十四子，缺第四子行；卷末另列早薨未入序诸子。第四子即后来世宗，子孙见卷165，不能读成康熙无第四子。胤礽行作十四年立太子、四十六年废，与本纪八四十七年废冲突。
QH-SU-QSG-0008,SRC-025,清史稿,卷8,康熙四十七年至五十七年储位相关条,,本纪多日,https://zh.wikisource.org/wiki/清史稿/卷8,维基文库《清史稿》卷8圣祖本纪三。后出本纪，不作终审。,C,已核：四十七年九月丁丑拘执、丁酉颁废；十一月削胤禔、议储请胤禩不许、戊子释废太子；四十八年三月辛巳复立；五十一年九月庚戌再废锢咸安宫、十一月丁未告庙；五十七年二月癸卯朱天保请复立被诛。不得据此把崩逝改写成畅春园。
QH-SU-QSG-0220,SRC-025,清史稿,卷220,理密亲王允礽传,,列传,https://zh.wikisource.org/wiki/清史稿/卷220,维基文库《清史稿》卷220诸王传。后出列传，可与本纪矛盾，不作终审。,C,理密亲王允礽：十四年十二月乙丑立为皇太子；四十七年九月废；四十八年三月辛巳复立；五十一年十月复废锢咸安宫。立储日、再废月份与本纪冲突。罪状、狂易、魇魅均为上谕/传文用词，不得写成已核诊断。
QH-SU-KX-0234A,SRC-027,圣祖仁皇帝实录,卷234,康熙四十七年九月乙亥,1708,1/2,https://sillok.history.go.kr/mc/id/qsilok_005_2340_0010_0010_0020_0010,卷234属于故宫博物院图书馆藏原乾清宫小红绫本所据范围,A2,九月初二乙亥驻跸布尔哈苏台。同条前有十八阿哥病「諒已無濟」谕，不得写成废太子原因。页面仅标公历年1708。
QH-SU-KX-0234B,SRC-027,圣祖仁皇帝实录,卷234,康熙四十七年九月丁丑,1708,1/2,https://sillok.history.go.kr/mc/id/qsilok_005_2340_0010_0010_0030_0010,卷234属于故宫博物院图书馆藏原乾清宫小红绫本所据范围,A2,九月初四丁丑长谕与拘执。上谕「生而剋母」等只记为用语，不得写成已核诊断或死因。与同日第2/2条允祄薨分层。页面仅标公历年1708。
QH-SU-KX-0234C,SRC-027,圣祖仁皇帝实录,卷234,康熙四十七年九月丁丑,1708,2/2,https://sillok.history.go.kr/mc/id/qsilok_005_2340_0010_0010_0030_0020,卷234属于故宫博物院图书馆藏原乾清宫小红绫本所据范围,A2,同日第2/2条：皇子允祄薨。不得与第1/2条拘执合成因果关系。页面仅标公历年1708。
QH-SU-KX-0234D,SRC-027,圣祖仁皇帝实录,卷234,康熙四十七年九月丁酉,1708,1/2,https://sillok.history.go.kr/mc/id/qsilok_005_2340_0010_0010_0190_0010,卷234属于故宫博物院图书馆藏原乾清宫小红绫本所据范围,A2,九月二十四丁酉颁诏废太子。诏书自述九月十八日告祭，与丁丑拘执、丁酉颁诏分三日。诏文「狂易成疾」只记为用语。页面仅标公历年1708。
QH-SU-KX-0234E,SRC-027,圣祖仁皇帝实录,卷234,康熙四十七年九月戊戌,1708,1/2,https://sillok.history.go.kr/mc/id/qsilok_005_2340_0010_0010_0200_0010,卷234属于故宫博物院图书馆藏原乾清宫小红绫本所据范围,A2,九月二十五戊戌上谕转述拘禁时允禔奏对。不得写成八爷党或镇魇已证。页面仅标公历年1708。
QH-SU-KX-0237A,SRC-027,圣祖仁皇帝实录,卷237,康熙四十八年三月辛巳,1709,1/3,https://sillok.history.go.kr/mc/id/qsilok_005_2370_0010_0010_0070_0010,卷237属于故宫博物院图书馆藏原乾清宫小红绫本所据范围,A2,三月初十辛巳授册宝复立皇太子并复封皇太子妃。当日1/3；2/3、3/3未拆入本单元。页面仅标公历年1709。
QH-SU-QSG-0166,SRC-025,清史稿,卷166,公主表圣祖系,,圣祖二十女加抚育一女,https://zh.wikisource.org/wiki/清史稿/卷166,维基文库《清史稿》卷166公主表。后出表，不作玉牒替代，不作终审。,C,圣祖亲生女第一至第二十，另附抚弟恭亲王常宁第一女。和硕/固伦、下嫁、生薨按表登记。追进固伦不得写成生前进封。额驸同名不自动合并。玉牒原件未见。
QH-SU-KX-0058A,SRC-027,圣祖仁皇帝实录,卷58,康熙十四年十二月十三日,1676,1/2,https://sillok.history.go.kr/mc/id/qsilok_005_0580_0010_0020_0090_0010,卷58属于中国第一历史档案馆藏原皇史宬大红绫本所据范围,A2,立太子丙寅条。册立仪与正副使。同日第2/2条为户部折征军饷，不拆入。
QH-SU-KX-0251A,SRC-027,圣祖仁皇帝实录,卷251,康熙五十一年九月三十日,1712,2/2,https://sillok.history.go.kr/mc/id/qsilok_005_2510_0010_0010_0250_0020,卷251属于故宫博物院图书馆藏原乾清宫小红绫本所据范围,A2,再废第一日：谕诸皇子拘执看守，未写废字与咸安宫。同日第1/2条回驻见QH-SU-KX-0251C。明日指十月初一辛亥。
QH-SU-KX-0251C,SRC-027,圣祖仁皇帝实录,卷251,康熙五十一年九月三十日,1712,1/2,https://sillok.history.go.kr/mc/id/qsilok_005_2510_0010_0010_0250_0010,卷251属于故宫博物院图书馆藏原乾清宫小红绫本所据范围,A2,庚戌。上奉皇太后回驻畅春园。同日第2/2条才是拘执谕。不得写入咸安宫。不得改写卷300寝宫。
QH-SU-KX-0300C,SRC-027,圣祖仁皇帝实录,卷300,康熙六十一年十一月七日,1722,1/1,https://sillok.history.go.kr/mc/id/qsilok_005_3000_0010_0010_0050_0010,卷300属于故宫博物院图书馆藏原乾清宫小红绫本所据范围,A2,戊子。上不豫。自南苑回驻畅春园。这是不豫与回驻，不是崩日。甲午寝宫见QH-SU-KX-0300A，不得用本条改写崩地。
QH-SU-KX-0251B,SRC-027,圣祖仁皇帝实录,卷251,康熙五十一年十月初一日,1712,4/64,https://sillok.history.go.kr/mc/id/qsilok_005_2510_0010_0020_0010_0040,卷251属于故宫博物院图书馆藏原乾清宫小红绫本所据范围,A2,再废第二日：御笔朱书谕仍行废黜禁锢。同日第1-3条为祭祀与时宪历，不拆入。本条仍无咸安宫。
QH-SU-KX-0056A,SRC-027,圣祖仁皇帝实录,卷56,康熙十四年六月癸亥,1675,1/3,https://sillok.history.go.kr/mc/id/qsilok_005_0560_0010_0010_0050_0010,卷56属于中国第一历史档案馆藏原皇史宬大红绫本所据范围,A2,谕礼部以嫡子允礽为皇太子并选择吉期。不是册立当日。同日第2/3条为人事升迁，不拆入。页面仅标公历年1675。通行「六月初三日」与本条癸亥（初六）不符。
QH-SU-KX-QSG-0006B,SRC-025,清史稿,卷6,康熙十二年至十九年（三藩之乱）,,本纪多日,https://zh.wikisource.org/wiki/清史稿/卷6,维基文库《清史稿》卷6圣祖本纪一。后出本纪，不作终审。,C,三藩之乱：尚可喜请老、吴三桂反、耿精忠反、王辅臣叛降、尚之信劫父降贼及降清、吴三桂僭号衡州及死、尚之信赐死。逐日以本纪为据，实录待回。
QH-SU-KX-QSG-0260,SRC-025,清史稿,卷260,康熙二十二年（平台湾）,,施琅传,https://zh.wikisource.org/wiki/清史稿/卷260,维基文库《清史稿》卷260施琅传。后出纪传体，不作终审。,C,施琅复授水师提督、攻澎湖、郑克塽降、入台缴延平王印、封靖海侯。澎湖之战与台湾平分层记。
QH-SU-KX-QSG-0007B,SRC-025,清史稿,卷7,康熙二十九至三十六年（三征噶尔丹）,,本纪多日,https://zh.wikisource.org/wiki/清史稿/卷7,维基文库《清史稿》卷7圣祖本纪二。后出本纪，不作终审。,C,噶尔丹入犯乌珠穆秦、乌兰布通之战、昭莫多之战、噶尔丹乞降及仰药死。逐日以本纪为据，实录待回。
QH-SU-KX-QSG-0007C,SRC-025,清史稿,卷7,康熙二十三至二十八年（雅克萨与尼布楚）,,本纪多日,https://zh.wikisource.org/wiki/清史稿/卷7,维基文库《清史稿》卷7圣祖本纪二。后出本纪，不作终审。,C,罗刹那踞雅克萨、彭春攻雅克萨、萨布素再围、俄罗斯请解围、索额图赴尼布楚立约定界。逐日以本纪为据，实录/方略待回。
QH-SU-KX-QSG-0007D,SRC-025,清史稿,卷7,康熙二十七年至三十三年（靳辅治河案）,,本纪多日,https://zh.wikisource.org/wiki/清史稿/卷7,维基文库《清史稿》卷7圣祖本纪二。后出本纪，不作终审。,C,靳辅于成龙会议治河、河工案靳辅削官、康熙二十八年复官、三十一年再任及卒于任。逐日以本纪为据，实录待回。
QH-SU-KX-QSG-0008A,SRC-025,清史稿,卷8,康熙四十九年三月乙亥,1710,本纪条,https://zh.wikisource.org/wiki/清史稿/卷8,维基文库《清史稿》卷8圣祖本纪三。后出本纪，不作终审。,C,乙亥命编纂字典。五十五年成书见于字典序，本纪此卷未见成书条。
QH-SU-KX-QSG-0006C,SRC-025,清史稿,卷6,康熙六年与十一年（世祖实录修成）,1672,本纪条,https://zh.wikisource.org/wiki/清史稿/卷6,维基文库《清史稿》卷6圣祖本纪一。后出本纪，不作终审。,C,六年九月丙午命修世祖实录；十一年五月乙丑世祖实录成。编纂主持者待核。
QH-SU-KX-QSG-0006D,SRC-025,清史稿,卷6,康熙八年二月庚午,1669,本纪条,https://zh.wikisource.org/wiki/清史稿/卷6,维基文库《清史稿》卷6圣祖本纪一，1928年民国排印本，后出本纪不作终审。,C,命行南怀仁推算历法。
QH-SU-KX-QSG-0006E,SRC-025,清史稿,卷6,康熙十三年二月,1674,本纪条,https://zh.wikisource.org/wiki/清史稿/卷6,维基文库《清史稿》卷6圣祖本纪一，1928年民国排印本，后出本纪不作终审。,C,钦天监新造仪象成。
QH-SU-KX-QSG-0006F,SRC-025,清史稿,卷6,康熙十六年二月辛未,1677,本纪条,https://zh.wikisource.org/wiki/清史稿/卷6,维基文库《清史稿》卷6圣祖本纪一，1928年民国排印本，后出本纪不作终审。,C,以靳辅为河道总督。
QH-SU-KX-QSG-0006G,SRC-025,清史稿,卷6,康熙十八年七月甲午,1679,本纪条,https://zh.wikisource.org/wiki/清史稿/卷6,维基文库《清史稿》卷6圣祖本纪一，1928年民国排印本，后出本纪不作终审。,C,靳辅疏报淮扬坝工成，涸出田地。
QH-SU-KX-QSG-0007E,SRC-025,清史稿,卷7,康熙二十三年正月壬辰,1684,本纪条,https://zh.wikisource.org/wiki/清史稿/卷7,维基文库《清史稿》卷7圣祖本纪二，1928年民国排印本，后出本纪不作终审。,C,罗刹踞雅克萨、尼布潮二城，萨布素以兵临之。
QH-SU-KX-QSG-0007G,SRC-025,清史稿,卷7,康熙二十四年十一月丙子,1685,本纪条,https://zh.wikisource.org/wiki/清史稿/卷7,维基文库《清史稿》卷7圣祖本纪二，1928年民国排印本，后出本纪不作终审。,C,靳辅、于成龙会议治河方略，靳辅议开六河建长堤。
QH-SU-KX-QSG-0007J,SRC-025,清史稿,卷7,康熙二十九年七月癸卯,1690,本纪条,https://zh.wikisource.org/wiki/清史稿/卷7,维基文库《清史稿》卷7圣祖本纪二，1928年民国排印本，后出本纪不作终审。,C,噶尔丹入犯乌珠穆秦，上亲征发京师。
QH-SU-KX-QSG-0007M,SRC-025,清史稿,卷7,康熙三十五年七月戊午,1696,本纪条,https://zh.wikisource.org/wiki/清史稿/卷7,维基文库《清史稿》卷7圣祖本纪二，1928年民国排印本，后出本纪不作终审。,C,以平定朔漠勒石太学。
QH-SU-KX-QSG-0272A,SRC-025,清史稿,卷272,康熙五年,1666,列传汤若望,https://zh.wikisource.org/wiki/清史稿/卷272,维基文库《清史稿》卷272汤若望杨光先南怀仁传，1928年民国排印本，列传补本纪细节。,C,杨光先叩阍斥汤若望新法十谬，议凌迟得旨免死，自是废新法不用。
QH-SU-KX-QSG-0153A,SRC-025,清史稿,卷153,康熙二十八年冬十二月,1689,邦交志一俄罗斯,https://zh.wikisource.org/wiki/清史稿/卷153,维基文库《清史稿》卷153邦交志一·俄罗斯，1928年民国排印本，志书补本纪不载的边界条款。,C,定黑龙江界立约七条：格尔必齐河、额尔古纳河为界，用满汉拉丁蒙古俄五体文字。
QH-SU-KX-QSG-0008B,SRC-025,清史稿,卷8,康熙五十六年夏四月丙申,1717,本纪条,https://zh.wikisource.org/wiki/清史稿/卷8,维基文库《清史稿》卷8圣祖本纪三，1928年民国排印本，后出本纪不作终审。,C,碣石镇总兵陈昂奏天主教堂各省林立宜行禁止，从之。
QH-SU-KX-QSG-0006H,SRC-025,清史稿,卷6,康熙二十年十一月辛亥,1681,本纪条,https://zh.wikisource.org/wiki/清史稿/卷6,维基文库《清史稿》卷6圣祖本纪一，1928年民国排印本，后出本纪不作终审。,C,王师十月二十八日入云南城，吴世璠自杀传首，云南平。
QH-SU-KX-TXGY-0001A,SRC-029,庭训格言,全书,雍正八年编,1730,不为书所愚条,https://zh.wikisource.org/wiki/%E5%BA%AD%E8%A8%93%E6%A0%BC%E8%A8%80_%28%E5%9B%9B%E5%BA%AB%E5%85%A8%E6%9B%B8%E6%9C%AC%29,维基文库标点排印。雍正朝追录康熙口训。不是原档。,B,凡看书不为书所愚始善；斥风不鸣条雨不破块为粉饰空文。短引。
QH-SU-KX-TXGY-0001B,SRC-029,庭训格言,全书,雍正八年编,1730,景山谤书条,https://zh.wikisource.org/wiki/%E5%BA%AD%E8%A8%93%E6%A0%BC%E8%A8%80_%28%E5%9B%9B%E5%BA%AB%E5%85%A8%E6%9B%B8%E6%9C%AC%29,维基文库标点排印。雍正朝追录康熙口训。不是原档。,B,三藩时景山路旁投谤书，朕置若罔闻。短引。
QH-SU-KX-TXGY-0001C,SRC-029,庭训格言,全书,雍正八年编,1730,偏好投好条,https://zh.wikisource.org/wiki/%E5%BA%AD%E8%A8%93%E6%A0%BC%E8%A8%80_%28%E5%9B%9B%E5%BA%AB%E5%85%A8%E6%9B%B8%E6%9C%AC%29,维基文库标点排印。雍正朝追录康熙口训。不是原档。,B,一有偏好则下必投其所好以诱之；凡艺俱不能溺我。短引。
QH-SU-KX-SZSL-0001A,SRC-031,圣祖仁皇帝实录,卷之一百七,康熙二十二年,1683,五台山随驾条,https://zh.wikisource.org/wiki/清實錄/聖祖仁皇帝實錄/卷之一百七,维基文库标点排印。官修编年层。,B,上幸五台山，命皇太子允礽随驾；时允礽九岁。同卷有施琅请剿澎湖台湾条。短引。
QH-SU-KX-SZSL-0002A,SRC-031,圣祖仁皇帝实录,卷之一百七十,康熙三十五年,1696,汉大学士九卿科道疏请毋亲征条,https://zh.wikisource.org/wiki/清實錄/聖祖仁皇帝實錄/卷之一百七十,维基文库标点排印。官修编年层。,B,疏请特简中路大将军，似不必以稽诛小寇躬临壁垒。短引。
QH-SU-KX-SZSL-0002B,SRC-031,圣祖仁皇帝实录,卷之一百七十,康熙三十五年,1696,上谕乌兰布通中贼计条,https://zh.wikisource.org/wiki/清實錄/聖祖仁皇帝實錄/卷之一百七十,维基文库标点排印。官修编年层。,B,向年乌兰布通之役，距京师仅七百里许，大兵已经击败，乃竟中贼计致噶尔丹遁走。短引。
QH-SU-KX-SZSL-0002C,SRC-031,圣祖仁皇帝实录,卷之一百八十三,康熙三十六年,1697,上谕平定噶尔丹回顾条,https://zh.wikisource.org/wiki/清實錄/聖祖仁皇帝實錄/卷之一百八十三,维基文库标点排印。官修编年层。,B,噶尔丹曾破回子中萨马尔罕布哈尔等，所攻取降服者一千二百余城；喀尔喀若不允其内附，必皆沦入于厄鲁特。短引。
QH-SU-KX-SX-0001A,SRC-055,聖祖仁皇帝聖訓（四庫全書本）,序,雍正九年十二月二十日,1732,雍正御制序实录为经圣训为纬,https://zh.wikisource.org/wiki/聖祖仁皇帝聖訓_(四庫全書本),维基文库标点排印。四库刻本层。正文各卷本次未见可引分页。,B,序称以实录为经以圣训为纬，于编年见因时之宜，于分类见随事之要。短引。不得写成实录，也不得写成六十卷正文已开。
QH-SU-KX-SX-0001B,SRC-055,聖祖仁皇帝聖訓（四庫全書本）,序,雍正九年十二月二十日,1732,雍正御制序分门恭辑六十卷,https://zh.wikisource.org/wiki/聖祖仁皇帝聖訓_(四庫全書本),维基文库标点排印。四库刻本层。六十卷本不是后出四十卷本。,B,序称复令纂修诸臣分类恭辑圣训六十卷。短引。不得把四十卷本QH-W-073写成同一部。
QH-SU-KX-YZWJ-0001A,SRC-058,聖祖仁皇帝御製文集（四庫全書本）,提要,乾隆三十九年二月,1774,四库馆臣提要初集至三集刊成,https://zh.wikisource.org/wiki/聖祖仁皇帝御製文集_(四庫全書本),维基文库标点排印。四库馆臣案语层，不是康熙自撰，也不是文集正文。,B,提要称康熙二十二年以前为初集，三十六年以前为二集，五十年以前为三集，告成于康熙五十三年七月。短引。
QH-SU-KX-YZWJ-0001B,SRC-058,聖祖仁皇帝御製文集（四庫全書本）,提要,乾隆三十九年二月,1774,四库馆臣提要四集刊成与总卷,https://zh.wikisource.org/wiki/聖祖仁皇帝御製文集_(四庫全書本),维基文库标点排印。四库馆臣案语层，不是康熙自撰，也不是文集正文。,B,提要称五十一年以后迄六十一年为四集，刊成于雍正十年十二月；为卷都一百七十六。短引。不得写成四集正文已开。
