person_id,表序,表序标签,收录状态,规范名,世表用名,异名,父亲ID,生母人物ID,生母候选名,生母来源,世表摘要,后妃传子女句,证据状态,冲突组 ID,排序键,备注
QH-P-000003,1,圣祖第一子,入序正文,爱新觉罗·胤禔,胤禔,允禔；直郡王,QH-P-000001,QH-P-000026,惠妃纳喇氏,卷214惠妃条,聖祖第一子。康熙三十七年封直郡王，四十七年緣事革爵，雍正十二年卒，照貝子例殯葬,惠妃，納喇氏。子二：承慶，殤；允禔。,C来源冲突,QH-CF-KX-PRINCE-ORDER,01,表序第一子。后妃传另称承瑞为圣祖长子。不是玉牒自然序。
QH-P-000004,2,圣祖第二子,入序正文,爱新觉罗·胤礽,胤礽,允礽；皇太子；理密亲王,QH-P-000001,QH-P-000023,孝诚仁皇后赫舍里氏,卷214孝诚传,聖祖第二子。康熙十四年立爲皇太子，四十六年廢，四十八年復立，五十一年復廢。雍正二年薨，追封理親王，諡曰密,十三年五月丙寅，生皇二子允礽。子二：承祐，四歲殤；允礽。,C来源冲突,QH-CF-KX-DEPOSE-YEAR；QH-CF-KX-INVEST-DAY；QH-CF-KX-DEPOSE2-MONTH,02,后妃传皇二子与世表第二子一致。承祐是孝诚另一子，未入此序。世表作四十六年废，本纪作四十七年；立储乙丑/丙寅、再废九月/十月均保留。见储位链。
QH-P-000005,3,圣祖第三子,入序正文,爱新觉罗·胤祉,胤祉,允祉；诚隐郡王,QH-P-000001,QH-P-000027,荣妃马佳氏,卷214荣妃条,聖祖第三子。康熙三十七年封誠郡王，三十八年緣事降貝勒，四十八年晉誠親王，雍正六年緣事降誠郡王，八年復封誠親王，尋緣事革爵，十年薨,榮妃，馬佳氏。子五：……允祉。,S二手转述,,03,勿与第二十四子胤祕的诚亲王号混为一人。
QH-P-000002,4,圣祖第四子,本卷缺号,爱新觉罗·胤禛,,雍正帝；世宗；皇四子,QH-P-000001,QH-P-000025,孝恭仁皇后乌雅氏,卷214孝恭传,卷164无此行。实录崩逝条、遗诏称皇四子胤禛。,子三：世宗，允禵，允祚。,C来源冲突,QH-CF-KX-PRINCE-ORDER,04,皇子世表按帝系分卷。第四子即后来世宗，本人不出现在卷164圣祖系。不能读成康熙无第四子。子孙见卷165。
QH-P-000006,5,圣祖第五子,入序正文,爱新觉罗·胤祺,胤祺,允祺；恒亲王,QH-P-000001,QH-P-000028,宜妃郭络罗氏,卷214宜妃条,聖祖第五子。康熙三十七年封貝勒，四十八晉恆親王，雍正十年薨，諡曰溫,宜妃，郭絡羅氏。子三：允祺、允禟、允禌,S二手转述,,05,
QH-P-000062,6,圣祖第六子,入序正文,爱新觉罗·胤祚,胤祚,允祚,QH-P-000001,QH-P-000025,孝恭仁皇后乌雅氏,卷214孝恭传,聖祖第六子。早卒,子三：世宗，允禵，允祚。允祚六歲殤。,S二手转述,,06,入序而早卒。六岁殇只见于后妃传。
QH-P-000061,7,圣祖第七子,入序正文,爱新觉罗·胤祐,胤祐,允祐；淳度亲王,QH-P-000001,,成妃戴佳氏,卷214成妃条,聖祖第七子。康熙三十九年封貝勒，四十八年晉淳郡王，雍正元年晉淳親王，八年薨，諡曰度,成妃，戴佳氏。子一，允祐。,S二手转述,,07,成妃尚未建档。实录崩逝条作皇七子淳郡王允祐。
QH-P-000007,8,圣祖第八子,入序正文,爱新觉罗·胤禩,胤禩,允禩；廉亲王；阿其那,QH-P-000001,QH-P-000029,良妃卫氏,卷214良妃条,聖祖第八子。康熙三十七年封貝勒，六十一年晉廉親王，雍正四年以罪革爵,良妃，衛氏。子一，允禩。,S二手转述,,08,
QH-P-000008,9,圣祖第九子,入序正文,爱新觉罗·胤禟,胤禟,允禟；塞思黑,QH-P-000001,QH-P-000028,宜妃郭络罗氏,卷214宜妃条,聖祖第九子。康熙四十八年封貝子，雍正三年以罪革爵,宜妃子三：允祺、允禟、允禌,S二手转述,,09,
QH-P-000009,10,圣祖第十子,入序正文,爱新觉罗·胤䄉,胤䄉,允䄉；敦郡王,QH-P-000001,QH-P-000030,温僖贵妃钮祜禄氏,卷214温僖贵妃条,聖祖第十子。康熙四十八年封敦郡王，雍正二年以罪革爵，乾隆二年封輔國公品級，六年卒,溫僖貴妃，鈕祜祿氏，孝昭皇后妹。子一，允䄉。,S二手转述,,10,
QH-P-000063,11,圣祖第十一子,入序正文,爱新觉罗·胤禌,胤禌,允禌,QH-P-000001,QH-P-000028,宜妃郭络罗氏,卷214宜妃条,聖祖第十一子，早卒,允禌十二歲殤。,S二手转述,,11,入序而早卒。十二岁殇只见于后妃传。
QH-P-000010,12,圣祖第十二子,入序正文,爱新觉罗·胤祹,胤祹,允祹；履亲王,QH-P-000001,QH-P-000031,定妃万琉哈氏,卷214定妃条,聖祖第十二子。康熙四十八年封貝子，六十一年晉履郡王……乾隆二十八薨,定妃，萬琉哈氏。……就養其子履親王允祹邸。,S二手转述,,12,
QH-P-000011,13,圣祖第十三子,入序正文,爱新觉罗·胤祥,胤祥,允祥；怡贤亲王,QH-P-000001,QH-P-000032,敬敏皇贵妃章佳氏,卷214敬敏传,聖祖第十三子。康熙六十一年封怡親王，雍正八年薨，諡曰賢,雍正初，世宗以其子怡親王允祥賢，追進封。,S二手转述,,13,崩逝条作皇十三子胤祥，未改允。
QH-P-000012,14,圣祖第十四子,入序正文,爱新觉罗·胤禵,胤禎,胤祯；允禵；大将军王,QH-P-000001,QH-P-000025,孝恭仁皇后乌雅氏,卷214孝恭传,胤禎〈聖祖第十四子。康熙四十八年封貝子，雍正元年晉郡王……十三年復封恂郡王，二十年薨，諡曰勤〉,子三：世宗，允禵，允祚。,C来源冲突,QH-CF-KX-YINTI-NAME,14,世表用胤禎。人物档常用胤禵，并记原名胤祯。三层名字并存，不择一抹平。不是传位十四子的证据。
QH-P-000064,15,圣祖第十五子,入序正文,爱新觉罗·胤禑,胤禑,允禑；愉恪郡王,QH-P-000001,QH-P-000033,顺懿密妃王氏,卷214密妃条,聖祖第十五子。雍正四年封貝勒，八年晉愉郡王，九年薨，諡曰恪,順懿密太妃，王氏。子三：允琶、允祿、允祄,S二手转述,,15,后妃传作允琶。琶/禑是否同一人待核，不另建允琶实体，也不自动合并。
QH-P-000013,16,圣祖第十六子,入序正文,爱新觉罗·胤禄,胤祿,允禄；庄恪亲王,QH-P-000001,QH-P-000033,顺懿密妃王氏,卷214密妃条,聖祖第十六子，嗣博果鐸後。雍正元年襲莊親王，乾隆三十二年薨，諡曰恪,子三：允琶、允祿、允祄,S二手转述,,16,世表明记嗣博果铎后。生物父子与过继必须分栏。
QH-P-000014,17,圣祖第十七子,入序正文,爱新觉罗·胤礼,胤禮,允礼；果毅亲王,QH-P-000001,QH-P-000034,纯裕勤妃陈氏,卷214勤妃条,聖祖第十七子。雍正元年封果郡王，六年晉果親王，乾隆三年薨，諡曰毅,純裕勤太妃，陳氏。子一，允禮。,S二手转述,,17,勿与庶妃陈氏允禐混母。
QH-P-000015,18,圣祖第十八子,入序正文,爱新觉罗·胤祄,胤祄,允祄；十八阿哥,QH-P-000001,QH-P-000033,顺懿密妃王氏,卷214密妃条,聖祖第十八子。早卒,允祄八歲殤。,S二手转述,,18,入序而早卒。八岁殇只见于后妃传。
QH-P-000065,19,圣祖第十九子,入序正文,爱新觉罗·胤禝,胤禝,允禝,QH-P-000001,,,卷164仅有早卒,聖祖第十九子。早卒,,S二手转述,,19,已打开的后妃传段落未点名此子。生母待玉牒。
QH-P-000066,20,圣祖第二十子,入序正文,爱新觉罗·胤禕,胤禕,允禕,QH-P-000001,,襄嫔高氏,卷214襄嫔条,聖祖第二十子。雍正四年封貝子，八年晉貝勒，十二年緣事降輔國公，十三年復貝勒，乾隆二十年卒，諡簡靖,襄嬪，高氏。子一，允禕。,S二手转述,,20,襄嫔尚未建档。
QH-P-000067,21,圣祖第二十一子,入序正文,爱新觉罗·胤禧,胤禧,允禧；慎靖郡王,QH-P-000001,,熙嫔陈氏,卷214熙嫔条,聖祖第二十一子。雍正八年封貝子，尋晉貝勒，十三年晉慎郡王，乾隆二十三年薨，諡曰靖,熙嬪，陳氏。子一，允禧。,S二手转述,,21,熙嫔尚未建档。
QH-P-000068,22,圣祖第二十二子,入序正文,爱新觉罗·胤祜,胤祜,允祜,QH-P-000001,,谨嫔色赫图氏,卷214谨嫔条,聖祖第二十二子。雍正八年封貝子，十二年晉貝勒，乾隆八年卒，諡曰恭勤,謹嬪，色赫圖氏。子一，允祜。,S二手转述,,22,谨嫔尚未建档。
QH-P-000069,23,圣祖第二十三子,入序正文,爱新觉罗·胤祁,胤祁,允祁,QH-P-000001,,静嫔石氏,卷214静嫔条,聖祖第二十三子。雍正八年封鎮國公……五十年卒，諡曰誠,靜嬪，石氏。子一，允祁。,S二手转述,,23,静嫔尚未建档。
QH-P-000070,24,圣祖第二十四子,入序正文,爱新觉罗·胤祕,胤祕,允祕；诚恪亲王,QH-P-000001,,穆嫔陈氏,卷214穆嫔条,聖祖第二十四子。雍正十一年封誠親王，乾隆三十八年薨，諡曰恪,穆嬪，陳氏。子一，允祕。,S二手转述,,24,穆嫔尚未建档。勿与皇三子胤祉混为一人。
QH-P-000071,,早薨未入序,早薨附列,爱新觉罗·承瑞,承瑞,荣妃长子,QH-P-000001,QH-P-000027,荣妃马佳氏,卷214荣妃条,聖祖子，早薨,承瑞，為聖祖長子，四歲殤,C来源冲突,QH-CF-KX-PRINCE-ORDER,90,后妃传称圣祖长子。世表不给第N子号，另列早薨。不得与胤禔合并。
QH-P-000072,,早薨未入序,早薨附列,爱新觉罗·承祐,承祐,孝诚长子,QH-P-000001,QH-P-000023,孝诚仁皇后赫舍里氏,卷214孝诚传,聖祖子，早薨,子二：承祐，四歲殤；允礽。,S二手转述,,91,不是十三年五月所生皇二子。皇二子是允礽。
QH-P-000073,,早薨未入序,早薨附列,爱新觉罗·承庆,承慶,惠妃子,QH-P-000001,QH-P-000026,惠妃纳喇氏,卷214惠妃条,聖祖子，早薨,子二：承慶，殤；允禔。,S二手转述,,92,
QH-P-000074,,早薨未入序,早薨附列,爱新觉罗·赛音察浑,賽音察渾,荣妃子,QH-P-000001,QH-P-000027,荣妃马佳氏,卷214荣妃条,聖祖子，早薨,賽音察渾，長華，長生皆殤,S二手转述,,93,满语用名按世表原文保留。
QH-P-000075,,早薨未入序,早薨附列,爱新觉罗·长华,長華,荣妃子,QH-P-000001,QH-P-000027,荣妃马佳氏,卷214荣妃条,聖祖子，早薨,長華……皆殤,S二手转述,,94,
QH-P-000076,,早薨未入序,早薨附列,爱新觉罗·长生,長生,荣妃子,QH-P-000001,QH-P-000027,荣妃马佳氏,卷214荣妃条,聖祖子，早薨,長生皆殤,S二手转述,,95,
QH-P-000077,,早薨未入序,早薨附列,爱新觉罗·万黼,萬黼,通嫔子,QH-P-000001,,通嫔纳喇氏,卷214通嫔条,聖祖子，早薨,子二：萬黼，五歲殤；允禶，二歲殤。,S二手转述,,96,通嫔尚未建档。
QH-P-000078,,早薨未入序,早薨附列,爱新觉罗·胤禶,胤禶,允禶；通嫔子,QH-P-000001,,通嫔纳喇氏,卷214通嫔条,聖祖子，早薨,允禶，二歲殤。,S二手转述,,97,
QH-P-000079,,早薨未入序,早薨附列,爱新觉罗·胤䄔,胤䄔,允䄔,QH-P-000001,,郭络罗氏（宜妃妹）,卷214宜妃妹条,聖祖子，早薨,郭絡羅氏，宜妃妹。子一，允䄔，殤。,S二手转述,,98,生母尚未建档。勿与胤䄉合并。
QH-P-000080,,早薨未入序,早薨附列,爱新觉罗·胤禨,胤禨,允禨；平妃子,QH-P-000001,,平妃赫舍里氏,卷214平妃条,聖祖子，早薨,平妃，赫舍里氏，孝誠皇后妹。子一，允禨，殤。,S二手转述,,99,平妃尚未建档。
QH-P-000081,,早薨未入序,早薨附列,爱新觉罗·胤禐,胤禐,允禐,QH-P-000001,,庶妃陈氏,卷214诸妃条,聖祖子，早薨,陳氏，子一，允禐，殤。,S二手转述,,9A,后妃传将此陈氏与勤妃陈氏分列，不合并生母。
