lane_id,栏目,相关人物ID,标题,通行说法,官书或档案怎么写,野史笔记或影视怎么写,差异或读法,证据状态,权利颜色,来源入口,来源说明,罕读原因,待核问题,使用说明,冲突组 ID,核查日期
QH-L-0001,后宫制度,QH-P-000024；QH-P-000001；QH-P-000002,孝懿仁皇后：册为皇后后旋即崩逝,佟佳氏刚当上皇后就死了，有人说是喜极而亡，有人说宫里有隐情。,《清史稿》本纪七：康熙二十八年秋七月癸卯，册立贵妃佟氏为皇后；甲辰，皇后崩，谥曰孝懿。后妃传：二十八年七月病笃，册为皇后；翌日甲辰崩。是册后次日崩，不是当日同时。,影视常写成争宠失败或被设计致死；也有把她写成雍正真正的母亲。,册后旋崩是可以核的制度事件，不是宫斗剧本。本纪与后妃传在「次日」上一致。她是胤禛的抚养者候选，不是生母。生母是乌雅氏。,S二手转述,黄,#/empresses,已打开《清史稿》卷7、卷214。实录康熙二十八年册后条仍待打开。,,《圣祖实录》该年册立与崩逝条次；谥号初上是否即甲辰当日。,可作后宫侧记浏览，不得写成谋杀或「雍正生母」。时间轴见皇后轴。,,2026-08-13
QH-L-0002,后宫制度,QH-P-000035；QH-P-000010；QH-P-000001,苏麻喇姑：不是妃嫔，却抚育皇子,宫里有个叫苏茉儿的女人，跟孝庄、康熙关系很近，像保姆又像老师。,康雍样本把她登记为宫廷女性及抚养者。胤祹生母是定妃万琉哈氏；苏麻喇姑是抚育者候选。病逝与治丧常见于内务府满文奏折，不是后妃列传里的标准皇后传。,演义和影视常把她写成孝庄身边的苏茉儿，并铺一条与玄烨的感情线。,抚育事实、老师称呼、爱情故事是三层。这里只收前两层的待核线索，第三层当野史。,U待核,黄,https://fhac.com.cn/consult.html,人物档已标：内务府满文档中病逝治丧奏折；《清圣祖实录》；允祹王府档。,,满文病逝奏折的档号、与孝庄/玄烨/胤祹的关系类型。,展示宫廷非后妃照护关系。禁止把苏茉儿爱情剧写进人物关系。,,2026-08-13
QH-L-0003,后宫制度,QH-P-000002；QH-P-000024；QH-P-000025,雍正有生母、抚养者、嫡母，不是一个「妈」,雍正的妈妈是皇后，所以他最正统。,后妃传：乌雅氏康熙十八年德嫔、二十年德妃；世宗即位才尊皇太后。佟佳氏十六年为贵妃，二十八年才册后旋崩。三种母职不是同一个人。,影视常把「皇后养大的四阿哥」写成嫡出，或把乌雅氏、佟佳氏合成一个人。,这是这里后宫栏最有用的一条：有趣，是因为制度细，不是因为秘闻。三种母职必须分栏。,S二手转述,黄,#/empresses,先用后妃传和玉牒线索分栏，再逐条回册文与实录。,,抚育胤禛的直接证据起止时间；仁寿徽号是否上册（后妃传未上册，本纪九崩条称仁寿皇太后）。,用于纠正「皇后所出」的误读。在玉牒核验前仍是候选。,,2026-08-13
QH-L-0004,后宫制度,QH-P-000023；QH-P-000004；QH-P-000001,孝诚仁皇后：生下皇太子后崩逝,康熙最爱的皇后生太子时难产死了，所以太子地位特别高。,后妃传与本纪六均记康熙十三年五月丙寅生皇子、皇后赫舍里氏即日崩。实录卷48颁诏：兹于康熙十三年五月初三日崩逝；六月二十七日册谥为仁孝皇后。册后月份则冲突：后妃传四年七月，本纪四年九月辛卯。,宫斗剧把她的死写成对手下毒，并把康熙一生的伤痛全部系在这一天。,可核的是生育、崩逝同日、初谥仁孝。不可核的是「最爱」和谋杀。七月与九月必须两说并存。,C来源冲突,黄,#/empresses,已打开卷214、卷6、实录卷48诏文。冲突组 QH-CF-KX-EMPRESS-DATE。,,韩国站或一史馆核卷48条次；四年册后实录原文落在七月还是九月。,可讲后宫高死亡率，不讲下毒。册后日期看皇后轴上的冲突组。,QH-CF-KX-EMPRESS-DATE,2026-08-13
QH-L-0005,后宫制度,QH-P-000038；QH-P-000049；QH-P-000002,年贵妃受宠，不等于年羹尧因此掌权,雍正给年羹尧兵权，是因为宠爱年妃。,年氏是藩邸侧福晋，后册贵妃、皇贵妃。年羹尧的川陕总督、抚远大将军任命在实录和奏折里是军政职务链。两件事时间上可以并列，不能写成因果。,影视把年羹尧写成「国舅掌兵」，年妃一死他就倒台。,后宫受宠和外廷军权要分开取证。死亡追封与年羹尧获罪的先后，必须排时间线，不能用剧情倒推。,S二手转述,黄,https://qingarchives.npm.edu.tw/index.php?act=Landing%2Finformation,册文、世宗实录、年羹尧满汉奏折与朱批应分条登录。,,入府和册封日期；所生子女；年氏之死与年羹尧获罪的先后。,后宫栏用来拆因果，不是用来写言情。,,2026-08-13
QH-L-0006,后宫制度,QH-P-000002,雍正爱扮装，但那不是朝会身份,雍正私下爱穿道袍、洋装，性格很怪。,清宫留下《雍正行乐图》一类扮装册页。这里已收一道装开页为其他真迹，许可公版。它证明宫廷允许皇帝以戏装入画，不能代表朝会身份，也不能用来定量说明他「崇道」。,网络段子把扮装图当成雍正日常穿搭，或证明他迷信、玩世。,有趣的是图像本身；要核的是图册题名、开页和原作。默认头像仍用朝服像。,E1单源回查,绿,#/image/QH-V-E05B,Commons 文件页 Album of the Yongzheng Emperor in Costumes.jpg；人物页其他真迹。,,拆分图册各开、逐图情境和原题。,这是少数可以在站内直接看图的后宫侧记。,,2026-08-13
QH-L-0007,野史对照,QH-P-000001；QH-P-000002；QH-P-000012；QH-P-000048,「传位十四子」和改诏说,康熙本想传给十四子胤禵，隆科多把遗诏「十」字改成「于」，变成「传位于四子」。,《圣祖实录》卷300当日第1条：寅刻御榻口谕令皇四子胤禛继位，当时胤禛还在赶路，巳刻才到寝宫。同日第2条遗诏文本点名「雍亲王皇四子胤禛」。两条都没有「传位十四子」或改字情节。《大义觉迷录》卷三另记耿六格转述的改诏传闻，并有驳语，不作终审。,晚清以来笔记、民国传闻和影视反复使用「十改于」。满汉遗诏的书写习惯并不支持这种改法。觉迷录里的传闻不能写成已经证伪。,野史可以登记，但不能覆盖已打开的实录文本。口谕发生时胤禛不在场，这是官书自己写出的时间差，比改诏故事更值得追问。,C来源冲突,黄,#/chapter/kangxi-01,已拆主张 QH-A-KX-0028、0033、0034、0037；觉迷录 QH-A-YZ-0049、0050。冲突组 QH-CF-KX-SUCCESSION；QH-CF-YZ-DYJML-GAIZHAO。,,满汉遗诏最早可见文本、传宣链条、改诏说的最早出处。,野史栏对照用。不得把改诏说写成已核事实。也不得写成已证伪。,QH-CF-KX-SUCCESSION,2026-08-18
QH-L-0008,野史对照,QH-P-000002,雍正之死：官书只写崩，丹药是后出说法,雍正是吃丹药暴崩的。,《清史稿》世宗本纪记崩，实录卷159：己丑子刻上崩，未写地点，未写死因，丹药不写进官书栏。,晚出笔记和现代通俗史常写炼丹、僧道、暴崩。影视再加成仇家投毒。,「官书未写丹药」不等于「已证伪丹药」。起居注和内务府相关档尚无可直接回查之前，两种说法并存，丹药说降为传闻层。,C来源冲突,黄,https://sillok.history.go.kr/mc/id/qsilok_006_1590_0010_0010_0220_0010,已钉《世宗实录》卷159崩逝条；丹药说不得覆盖原文。,,丹药说最早出处与是否被当作史实转述。,对照栏。禁止为了有趣而补写死因。,QH-CF-YZ-DEATH,2026-08-13
QH-L-0009,野史对照,QH-P-000002,吕四娘刺杀雍正,吕留良的孙女吕四娘混进宫，刺死雍正并取其首级。,吕留良案是雍正朝文字狱，官书和案档处理的是吕氏家族处分，不是女刺客入宫。目前没有可定位的一手材料支持刺杀。,民国武侠、评书和影视把吕四娘写成复仇刺客，并解释为何雍正不公开发丧或用无头像。,这是典型「好看但目前不可证」。文字狱是一回事，宫门刺杀是另一回事。,X目前不可证,黄,https://ctext.org/wiki.pl?if=gb&res=98755/%E5%8D%B79,只作传闻登记。不建立刺客人物实体，除非出现可核档案。,,吕四娘故事的最早刊本；是否被误接到吕留良案上。,可讲「野史怎么长出来」，不可讲「雍正被刺死」。,QH-CF-YZ-DEATH,2026-08-13
QH-L-0010,野史对照,QH-P-000053,顺治出家说,顺治因董鄂妃之死看破红尘，出家当了和尚。,十二帝已写：出家说不作事实。官书记顺治十八年正月崩逝，玄烨随即即位。董鄂妃之死与皇帝礼佛、僧人往来，是另一组待核事件，不能合成出家。,《清凉山赞佛诗》被读成隐写，加上五台山传说和戏曲《董小宛》，出家成了定论。,礼佛、宠妃之死、出家，必须三层。本栏只登记冲突，不把传说升格。,C来源冲突,黄,https://www.dpm.org.cn/court/lineage/226262.html,故宫人物页作入口；出家说追溯最早出处另建任务。,,董鄂妃身份与董小宛是否被误接；赞佛诗的文本层。,野史对照。现有资料已禁止把出家当事实。,QH-CF-SZ-MONK,2026-08-13
QH-L-0011,野史对照,QH-P-000019,香妃和容妃不是自动等同,乾隆有一个身上带香的新疆妃子香妃，不屈服，被太后赐死。,档案和陵寝系统里有容妃和卓氏。内务府活计档、衣物、容妃园寝是可以核的对象。「香妃」作为通俗专名，主要来自晚出传说和旅游叙事。,香妃不浴、身有异香、刀抗乾隆、被太后赐死，并配上喀什香妃墓。,容妃有档可查；香妃故事是另一套文本。未核活计档之前，不把两套名字压成一个人，也不把赐死当事实。,C来源冲突,黄,https://www.dpm.org.cn/court/lineage/226263.html,乾隆人物页作入口。活计档一般人读不到，见罕读栏。,,容妃档案中的名称、入宫、死亡与园寝；香妃故事最早出处。,对照用。不把景区解说词当档案。,QH-CF-QL-XIANGFEI,2026-08-13
QH-L-0012,野史对照,QH-P-000001,孝庄下嫁,孝庄太后下嫁多尔衮。,目前尚未为孝庄建立人物档。官书有尊号、太皇太后礼制和多尔衮封号、追罪，没有一条这里已打开的「下嫁诏」。,从蒋良骐《东华录》相关争议、到民国史论和影视，下嫁说反复出现，也反复被反驳。,这是清初最著名的野史之一。没有人物档、没有打开的原始诏旨之前，只登记传说，不建婚姻关系边。,C来源冲突,黄,https://ctext.org/wiki.pl?if=gb&res=98755/%E5%8D%B7214,后妃传与多尔衮本传都只是后出史书。真正要核的是顺治朝诏旨和满文档案。,,下嫁说最早出处；反证材料清单；是否需要为孝庄建档。,野史栏。禁止生成「孝庄—多尔衮婚姻」关系。,QH-CF-XZ-REMARRY,2026-08-13
QH-L-0013,罕读史料,QH-P-000001；QH-P-000002,宫中档朱批原件：一般人只看得到刻本,雍正朱批很毒舌，网上段子就是原件。,《雍正朱批谕旨》是后来选刻的，有删选。要看某件原批，须回台北故宫清档系统的宫中档原折。朱笔常见只是「览」「知道了」，长批针对该折，不能用段子代替。,网络把刻薄朱批当雍正人设，很少说明是刻本还是原折、哪一件。,刻本是公开流传层；原折图像是黄色资源，能浏览不等于能复制。这里只给入口和制度说明。,E1单源回查,黄,https://qingarchives.npm.edu.tw/index.php?act=Landing%2Finformation,SRC-006 台北故宫清代档案检索系统。对应图像对象 QH-V-E04D、QH-V-E05C、QH-V-E06G。,原折在清档系统里，按人名时间检索；不在通俗读物里。高清图按馆方规则外链，不镜像。,为康雍样本选定可登录档号的原折各若干件。,罕读栏的核心：告诉你去哪看，不把原件整页贴进来。,,2026-08-13
QH-L-0014,罕读史料,QH-P-000001；QH-P-000002,玉牒：家谱在档案馆里，不在百度百科里,谁是谁的第几子，网上一查就有。,玉牒是宗人府按修次编写的皇家谱牒，记出生、婚姻、生母、过继、封爵。不同修次会改写。一条关系必须落到版本、卷页和编修时间。,通俗家谱把齿序、自然序、封爵序混成一个「排行」。,这里家庭字段仍是待取证。卷164皇子表已打开，但仍是后出《清史稿》，不能冒充玉牒。表序、自然序、封爵序必须分栏。,U待核,黄,https://www.saac.gov.cn/daj/dawxyc/201201/d9e6e3e05d3b4cb698712b308fa09c1e.shtml,SRC-026。一史馆有玉牒保管说明；原件阅览受馆方规则限制。,原件在档案馆，网上多是介绍文章。零预算不能承诺完整原件。,取得可合法核验的康雍阶段具体玉牒版本与卷页。用玉牒回核承瑞是否为出生序长子。,罕读入口。介绍页不是谱系证据。,,2026-08-13
QH-L-0015,罕读史料,,一史馆原档：能预约，不等于能拍回去,档案数字化了，上网就能下。,中国第一历史档案馆提供目录检索和查档预约。数字档案现场阅览存在禁止拍摄等限制。网上可查目录，不等于原档图像可复制再发布。,自媒体常配一张来源不明的「档案照」当作已经公开。,这是权利问题，不是史学观点。这里把一史馆原档默认黄色/红色：只存档号、短引文、外链。,E1单源回查,红,https://fhac.com.cn/detail/1308.html,SRC-004 查档预约与阅览规则。目录见 SRC-001。,原件在馆内。规则页写明阅览限制。一般读者看不到原卷，也拍不走。,康熙晚年至雍正初年相关全宗与档号清单。,告诉你为什么有些「内幕档案」不能贴图。,,2026-08-13
QH-L-0016,罕读史料,QH-P-000035；QH-P-000010,满文奏折：汉文实录经常不收的一层,清史都有汉文，看实录就够了。,内务府、宫中档、军机处有大量满文或满汉合璧。苏麻喇姑病逝治丧这类宫廷日常，往往先出现在满文奏折，而不是《实录》大字。,不进入这一层，直接用汉文传说补情节。,满文不是神秘咒语，是另一套公文。读不到，通常是因为需要满文能力和馆藏权限，不是因为被故意藏起来给小说用。,U待核,黄,https://qingarchives.npm.edu.tw/index.php?act=Landing%2Finformation,台北故宫清档可检索满汉奏折，一史馆满文档案到馆，不自动翻译。,满文阅读门槛高；原件在馆。本库禁止模型自动补译未核文本。,为苏麻喇姑病逝条找到可引用的满汉档号。,罕读栏。发现入口，不伪造译文。,,2026-08-13
QH-L-0017,罕读史料,QH-P-000001,实录写本：你读到的是排印，还有大红绫、小红绫,网上那篇《清实录》就是原件。,韩国国史编纂委员会明清实录站说明：卷1—150所据为中国第一历史档案馆藏原皇史宬大红绫本；卷202—300所据为故宫博物院图书馆藏原乾清宫小红绫本。这里康熙即位、崩逝、初废拘执、颁废、复立条都链到该站的具体条次。,不区分写本、排印本、今译，直接当「原始档案」引用。,实录已是官修编年，不是原档。写本层还要再记一层。免费浏览不等于允许整库镜像。,E1单源回查,黄,https://sillok.history.go.kr/mc/id/qsilok_005_3000_0010_0010_0110_0010,SRC-027。圣祖崩逝、遗诏、即位、卷58立太子、卷234初废、卷237复立、卷251再废，以及世宗卷1即位、卷39年案、卷62隆科多狱辞、卷82军需密办、卷120十年恤赠、卷159崩逝，均已入库。,条次级原文在韩国站；写本图像和底本说明一般通俗读物不提。,核原本图像与数字文本是否一致。会典与十年三月改称办理军机处条次尚未打开。,这是「一般人其实读得到、但很少读到条次」的入口。,,2026-08-13
QH-L-0018,罕读史料,QH-P-000045；QH-P-000047,内阁大库：另一套中央档案，不在畅销书里,清宫档案就是故宫那些折子。,中研院史语所藏内阁大库档案，包括诏敕、题奏、移会等。索额图、马齐这类大臣的制度运行，常要靠内阁文书，而不是只靠实录叙事。,把所有宫廷政治写成寝宫密谈。,内阁大库补的是外朝文书层。使用规则单独为红/黄，不能把检索权限当成批量再利用许可。,U待核,黄,https://newarchive.ihp.sinica.edu.tw/mcttp/,SRC-010、SRC-011。,系统在中研院；部分功能受规则限制；不是大众阅读界面。,核查与 50 人样本相关的可见档件层级与引用格式。,罕读入口。遵守站方规则。,,2026-08-13
QH-L-0019,后宫制度,QH-P-000060；QH-P-000001；QH-P-000030,孝昭仁皇后：册后约半年即崩,康熙第二个皇后很快就死了，宫里说克夫，所以后来不敢再立后。,后妃传：钮祜禄氏，遏必隆女，初为妃；康熙十六年八月册为皇后；十七年二月丁卯崩。本纪六同日谥孝昭皇后。二十年与仁孝同葬昌瑞山陵。,宫斗剧里戏份很少；或把短命写成被前任阴魂、被佟佳氏排挤。也有把她和温僖贵妃混成一个人。,可核的是在位短、崩逝日期和初谥。克夫、不敢再立后，都不是本条史料字段。温僖贵妃是后妃传所记孝昭之妹，另有人物档，不能合并。,S二手转述,黄,#/empresses,已打开《清史稿》卷214、卷6。实录十六年册后、十七年崩逝条仍待打开。,,册妃日期；实录条次；与温僖贵妃的姐妹关系是否能落到玉牒。,用来对照四后在位长短。禁止写成克夫。,,2026-08-13
QH-L-0020,后宫制度,QH-P-000003；QH-P-000071；QH-P-000001；QH-P-000004；QH-P-000002,康熙的「老大」有两个口径,康熙三十五个儿子，老大是胤禔，太子是老二，雍正是老四。,《清史稿》卷164：胤禔，圣祖第一子；承瑞列于卷末，只写圣祖子早薨，没有第N子号。同书后妃传荣妃条：承瑞为圣祖长子，四岁殇。卷164在第三子与第五子之间跳号，第四子胤禛不在本卷。,影视按「皇长子、皇太子、皇四子」排角色，早殇的承瑞、承祐直接消失，或把所有排行合成一个数字。,长子、第一子、皇二子、皇四子是不同口径。表序不是玉牒，也不是出生清单。早殇未入序的儿子仍然是儿子。,C来源冲突,黄,#/princes,已打开卷164、卷214。冲突组 QH-CF-KX-PRINCE-ORDER。,,玉牒各修次如何给承瑞、承祐编号；胤禛在宗室档中的序齿字段。,用来拆排行，不用来数「康熙有几个儿子」的畅销书结论。,QH-CF-KX-PRINCE-ORDER,2026-08-13
QH-L-0021,野史对照,QH-P-000004；QH-P-000001；QH-P-000003；QH-P-000007；QH-P-000002,「九子夺嫡」是后世概括，不是一天的事件,康熙晚年九个儿子抢皇位，叫九子夺嫡。,《清史稿》本纪：十四年十二月立太子；四十七年九月丁丑拘执、丁酉颁废；四十八年三月复立；五十一年九月再废锢咸安宫、十一月告庙。《圣祖实录》卷234：乙亥驻布尔哈苏台、丁丑拘执、丁酉颁诏；卷237：辛巳授册宝复立。,影视和通俗读物把数十年储位纠纷收成一个剧名或一条词条，常用「九子夺嫡」当单一事件，并把十月封王写成夺嫡开场。,官书是立、废、复立、再废四段加若干处分，不是一个事件。这里禁止用「九子夺嫡」做事件名。,S二手转述,黄,#/succession,已打开卷6、卷8、卷164、卷220，以及实录卷234丁丑拘执、丁酉颁诏、卷237辛巳复立。冲突组：立储乙丑/丙寅、初废四十六/四十七年、再废九月/十月。,,十四年十二月立太子与五十一年再废的实录条次；起居注与奏折目录尚未打开。,用来拆标签，不用来讲宫斗。打开储位链看分日事件。,QH-CF-KX-DEPOSE-YEAR,2026-08-13
QH-L-0022,野史对照,QH-P-000019,乾隆是汉人吗？,乾隆生母是汉人女子，被换入宫，所以他其实是海宁陈家的孩子。这条传说在晚清民国笔记和当代影视里反复出现，常用来解释他亲近汉文化、六下江南。,实录、玉牒记乾隆生母钮祜禄氏，满洲镶黄旗，即后来的孝圣宪皇后。这里人物档已把她登记为弘历生母。玉牒原文尚无可直接回查的原文，不把旗分写成已核家谱。,电视剧常演「以女换子」入宫，把海宁陈家写成乾隆真正的老家。,出生传说按来源登记，不提前否证。档案所见生母是钮祜禄氏。换子说目前不可证。,X目前不可证,绿,,,,,用于展示出生传说与档案记载的差异，这里不提前否证。,,2026-08-14
QH-L-0024,野史对照,QH-P-000058,光绪被慈禧毒死,慈禧临死前毒死光绪，怕自己一死他就翻案。两个人死在前后两天，被读成谋杀时间表。,本纪只写崩。2008年多机构课题组的检测报告判定为急性砷中毒；这是现代科学检测层，不是光绪朝档案。报告没有认定下毒者。,影视剧多演慈禧下令毒死，把前后两天的崩逝写成同一条宫斗。,下毒者未知，不能写成慈禧已证。砷中毒与「谁下的毒」必须分栏。,C来源冲突,绿,https://qsyj.ruc.edu.cn/CN/Y2008/V0/I4/1,钟里满等《国家清史纂修工程重大学术问题研究专项课题成果：清光绪帝死因研究工作报告》《清史研究》2008年第4期第1—12页；作者单位含清西陵文物管理处、中国原子能科学研究院与北京市公安局法医检验鉴定中心。,,,砷检测报告属现代层，不能据此倒推凶手已证。,,2026-08-14
QH-L-0025,野史对照,QH-P-000057,同治微服出宫,同治常微服逛窑子，得了梅毒才死。官方说天花，是为了遮羞。,故宫人物页按通行官书脉络记同治染天花；目前尚未定位到《穆宗实录》崩逝条与进药档的具体卷页，故不填写精确死亡时刻，也不把梅毒写进官书栏。,晚清笔记多写微服故事，并把天花说成掩饰。,梅毒说晚出，降为传闻层。天花记载与民间微服叙事是两套文本；前者还须落实到实录与进药档，不能用官网摘要冒充原档。,X目前不可证,绿,https://www.dpm.org.cn/court/lineage/226248.html；https://zh.wikisource.org/wiki/清實錄/穆宗毅皇帝實錄,故宫人物页称同治十三年染天花并于十二月初五崩；维基文库仅作《穆宗实录》目录入口，具体卷条尚未钉定。,,,用于展示官书线索与民间微服传说的差异；天花条仍待原文定位。,,2026-08-14
QH-L-0027,罕读史料,QH-P-000001,康熙起居注册,起居注比实录更原始，要看康熙每天做什么，应该直接读起居注。,一史馆藏康熙起居注册，部分已出版。它是逐日档册，仍须落到具体日期和版本，不能当成已经全部公开的原文库。,很少被通俗历史引用。影视更不会按起居注的日子来拍。,这里尚无可直接回查的原文，先登记入口。起居注不是实录的同义词，也不能代替原档。,U待核,绿,,,起居注原件在一史馆，已出版者仍少被通俗史逐日引用。,,用于登记这里尚无可直接回查的原文的起居注入口，不引用原文。,,2026-08-14
QH-L-0028,罕读史料,QH-P-000002,雍正朱批谕旨,雍正批奏折很勤，朱批又长又毒舌，最能见他的性格。,台北故宫藏原件，有出版影印本。通行阅读多据后来选刻的《雍正朱批谕旨》，刻本有删选。,常被用于证明雍正勤政。网络段子很少说明是刻本还是原折。,刻本和原件有差异。目前尚未逐件核对，只登记入口。,U待核,绿,,,原件在台北故宫，通行阅读多据刻本，原批图像不在畅销书里。,,用于登记朱批刻本与原件差异，目前尚未逐件核对。,,2026-08-14
QH-L-0029,后宫制度,QH-P-000019,孝仪纯皇后魏佳氏,嘉庆生母是汉人包衣，后来才抬旗。宫斗剧里的魏璎珞就是她。,魏佳氏，内管领清泰女，乾隆四十年崩。后谥孝仪纯皇后。这里尚无可直接回查的原文后妃传与玉牒对应段落。,宫斗剧多演「魏璎珞」故事，把抬旗、争宠和育子收成一条上升线。,身份等级按当时记载，不写宫斗剧情。包衣、抬旗、皇后谥号是三层，不能合成一个人设。,S二手转述,绿,,,,,用于展示嘉庆生母魏佳氏的档案记录，不写宫斗剧情。,,2026-08-14
QH-L-0030,后宫制度,QH-P-000055,道光节俭故事,道光穿补丁衣服，宫里连灯油都要省。这条故事用来证明他是最节俭的皇帝，也用来解释为什么打不过鸦片战争。,本纪无此记录。节俭作为评价，多见于后来的笔记和通俗史，不是本纪里的一条制度。,晚清笔记多写道光节俭：补丁、打补丁的套裤、宫里节省灯油。,节俭故事来源待核。不能用补丁衣服证明财政政策，也不能用财政困难证明他一定穿补丁。,U待核,绿,,,,,用于登记道光节俭故事的来源，不提前当作事实。,,2026-08-14
QH-L-0031,后宫制度,QH-P-000056,咸丰的「四春」,咸丰有四春宠妃，园居时最亲近这四个人，圆明园因此成了享乐现场。,档案中未见把某四位妃嫔归成「四春」的正式封号。这里尚无可直接回查的原文咸丰朝后妃传对应段落。,晚清笔记有此说法，后来被通俗史和影视收成固定角色组。,晚清笔记说法，降级登记。不能把「四春」写成当时的制度身份。,X目前不可证,绿,,,,,用于展示咸丰四春笔记说法与档案记载的差异。,,2026-08-14
QH-L-0032,野史对照,QH-P-000124；QH-P-000054；QH-P-000019,和珅：第五天下狱，不是第五天处死,乾隆一死，嘉庆第五天就把和珅抄家处死。家产有八亿两。,《清史稿》卷16：壬戌太上皇崩；五个干支日后丁卯，和珅、福长安下狱鞫讯；再过十日到丁丑，和珅赐死于狱。卷319转录二十大罪上谕。没有「八亿两」这一总数。,通俗史和影视常写成五日即死，并把传说家产数当成已核抄家清册。,下狱和赐死不是一天，上谕列罪不是抄家清册，八亿两目前不可证。,S二手转述,黄,#/chapter/jiaqing-04,已拆 QH-A-JQ-0004、0006、0008、0011。问题 QH-GQ-0067至0069。,,内务府、军机处抄家档；二十款逐款互证。,对照用。不得写成反腐成功，也不得把八亿两写进主张。,,2026-08-16
QH-L-0033,后宫制度,QH-P-000019,继皇后那拉氏：不废而废？,乾隆南巡后把继后废了，说她断发反抗所以被废，她是乌拉那拉氏。,《清史稿》后妃传与今地章节：乾隆三十年南巡后被遣回京；三十一年薨，丧仪按皇贵妃例。乾隆四十三年自述「并未削其位号」。断发，官书有「迹类疯迷」一类措辞。姓氏有乌拉那拉、辉发那拉两说。,宫斗剧写成抗旨断发、争宠失败。,收册宝、丧仪降格、无谥，是待回原文的制度层；断发原因和姓氏不择一，不能写成南巡宫斗。,S二手转述,黄,#/chapter/qianlong-05,索引章 qianlong-05。玉牒未见。冲突组 QH-CF-QL-NALA。,,收缴哪些册宝、丧仪降到哪一层，须回实录、会典。,复用四后分栏。不写感情线。,QH-CF-QL-NALA,2026-08-16
QH-L-0034,笔法,QH-P-000019,同一场仗三种笔：平准噶尔,「十全武功」都是全胜，皇帝自己的总结就是战果清单。,实录层：《高宗纯皇帝实录》卷474 开端记人数与牲畜账，「計擒四五十人。獲馬牛羊甚夥」；方略层：《平定准噶尔方略》记胜利日程；自诩层：二十多年后《十全记》把此役收进「十全」。,野史与影视给平回部附上香妃一类浪漫叙事，把战争写成爱情故事。,同一场仗三种笔：清点、日程、自诩。看一场战争怎样在文本里一路升值；「十全」自诩不是已核战果清单，野史浪漫是又一层升值。见 #/chapter/qianlong-06。,E1单源回查,黄,https://zh.wikisource.org/wiki/%E6%B8%85%E5%AF%A6%E9%8C%84/%E5%A4%A7%E6%B8%85%E9%AB%98%E5%AE%97%E7%B4%94%E7%9A%87%E5%B8%9D%E5%AF%A6%E9%8C%84/%E5%8D%B7%E4%B9%8B%E5%9B%9B%E7%99%BE%E4%B8%83%E5%8D%81%E5%9B%9B,维基文库标点排印为实录层；方略与十全记未打开。,实录干报不好读，大家只读十全与野史。,《平定准噶尔方略》卷数待核。,三层不互代；不把自诩当战果，不把野史当史实。,,2026-08-22
QH-L-0035,宫中治理,QH-P-000001；QH-P-000056,防亲线：一条禁令的百年生命史,宫斗剧里太监与宫女的亲戚是感情线。,康熙四十四年谕「断乎不可」；咸丰五年珳常在案谕引「从前康熙年间已曾奉有圣训」，罚加到家属发新疆。,宫斗剧把认亲戚写成温情或谋略。,谁立的、谁引的、谁加重的——文本引文本处即制度记忆。见 kangxi-13 与 xianfeng-01。,S二手转述,黄,#/chapter/xianfeng-01,钦定宫中现行则例卷一（SRC-042）,宫规上谕汇编，罕见于通史叙述,咸丰谕引康熙圣训是否即四十四年此道，待逐字比勘,读者向对照，暂不逐条列出依据,,2026-08-22
QH-L-0036,宫中治理,QH-P-000001；QH-P-000019；QH-P-000055,火线：康熙防、乾隆救、道光算,宫廷火政只有「小心火烛」一句印象。,康熙十八年灯火看守不许一时少人；乾隆四十八年火起开门放王公大臣扑救、不许绕远；道光九年以鹿数拆瞒报。,影视里的宫火多是剧情道具。,同一条火线三朝各写一笔：防、救、算。见 kangxi-13、qianlong-02、daoguang-02。,S二手转述,黄,#/chapter/qianlong-02,钦定宫中现行则例卷一（SRC-042）,治理层谕旨按日汇编，正史不录,虎案人骨归属仍是谕内质询，非结案,读者向对照，暂不逐条列出依据,,2026-08-22
QH-L-0037,宫中治理,QH-P-000054；QH-P-000055,瞒报史与治理账：嘉庆告假通贼、道光虎案人骨、留发铡草,道光节俭故事等于善治。,嘉庆十八年太监告假闲游数十里外引贼入宫；道光九年园务瞒报人命作病故；十八年偷鱼虾配黑龙江、十九年废念经听其终身。,笔记里的道光只有补丁衣服。,故事层的道光省，账本里的道光算；一手重一手轻。见 jiaqing-02、daoguang-02。,S二手转述,黄,#/chapter/daoguang-02,钦定宫中现行则例卷一（SRC-042）,治理罚则细目，通史不载,黑龙江为奴等罚则执行记录待核,读者向对照，暂不逐条列出依据,,2026-08-22
QH-L-0038,宫中治理,QH-P-000002,空宝座的敬畏：雍正教急趋数步,太监戏里太监都是阴谋家。,雍正元年谕：凡有宝座之处行走经过，必存恭敬之心、急趋数步；问话遇泥水只须躬身、不必跪奏。,影视把太监写成权力玩家。,敬畏的对象是空宝座——制度本身；严在礼节、宽在泥水。见 yongzheng-02。,S二手转述,黄,#/chapter/yongzheng-02,钦定宫中现行则例卷一（SRC-042）,家主式教诲谕，朱批之外另一副嗓子,宝座谕归朝雍正元年已钉，余谕待钉,读者向对照，暂不逐条列出依据,,2026-08-22
QH-L-0039,野史对照,QH-P-000056,彗星占验与辛酉诛戮：占文是事后叙事,天象预示人事，彗星一出宰相要倒霉。,实录记咸丰戊午柏葰以科场关节伏法、辛酉载垣端华肃顺诛戮；不记彗星占验。,笔记把钦天监占书「光扫贯索，宰相当之」「贵戚大臣有诛僇者」与两案排成因果，彗星成了预告。,占文灵验是事后排出来的叙事：彗星是事实，「当验」是回溯。读野史天象，先问占文写于事前还是事后。见 xianfeng-01。,S二手转述,黄,#/chapter/xianfeng-01,蕉廊脞录卷一（SRC-044）,占验叙事层，正史不录,占书原文与奏陈时点待核,读者向对照，暂不逐条列出依据,,2026-08-22
QH-L-0040,野史对照,QH-P-000057,徐桐进讲切直与鼎湖之痛：怒意不是死因,讲官切直触怒，皇帝郁怒致病。,本纪记十二年正月亲政、十三年十二月崩于养心殿；脉案层记二十六年天花，无一天缺。,笔记把徐桐进讲《易·节卦》「上有怒意」排在「圣躬不豫」之前，怒意成了病与崩的引子。,怒意是情绪层事实，死因是脉案层事实；两账各记各的。读野史排年，先问相邻是不是因果。见 tongzhi-01。,S二手转述,黄,#/chapter/tongzhi-01,蕉廊脞录卷一（SRC-044）,讲筵情绪层，正史不录,进讲与不豫的时点间隔待核,读者向对照，暂不逐条列出依据,,2026-08-22
QH-L-0041,野史对照,QH-P-000058,岁暮两景：京礼与行在礼,宫廷过年就是热闹排场。,实录不记岁暮贡献与辞岁细目；掌故记两层：京里年终督抚进贡孝钦逐一审视、皇后率行辞岁礼、除夕奏乐达旦；西安行在则德宗便服小冠、内监蓝布裹头如营兵。,影视把宫廷新年写成单一排场。,同一套礼，两副场景：京礼是贡物与辞岁，行在礼是降档与裹头。读宫廷岁时，先看它在哪过年。见 guangxu-01。,S二手转述,黄,#/chapter/guangxu-01,清稗类钞001（SRC-045）,岁时掌故层，正史不录,京礼诸条系年待核,读者向对照，暂不逐条列出依据,,2026-08-22
QH-L-0042,野史对照,QH-P-000058,条约的物质层：画格、试演与纸尺寸,条约就是一页纸几个字。,实录只记签字与拒签，不记条约的纸墨；档案层有约本原件。,使臣日记记备约细工：外部送来写约纸尺寸较前加大、连日所画格皆不合、观写约硬纸拟以糖板印底而后书之试演良久。,条约先是物质，再是文本：纸的尺寸、格的画法、试写的笔，都是交涉的一部分。读条约，问一句它是怎么被写出来的。见 guangxu-01。,S二手转述,黄,#/chapter/guangxu-01,出使英法俄国日记卷四（SRC-046）,备约物质层，正史不录,画格诸条与画押日同卷,读者向对照，暂不逐条列出依据,,2026-08-22
QH-L-0043,野史对照,QH-P-000057,纪事本末怎样排辛酉：编成层是缝线,纪事本末是权威叙事，可直接引。,本站三文本各记各声：遗诏写赞襄、驳谕引祖制、抗章攻承写；实录记罪状与垂帘。,本末把疏、抗论、驳还、密拟拿问、暴罪排成一条链，并记谕「缮拟谕旨仍应作为朕意、著仍书朕字」；东太后西太后之称亦出其叙事。,编成层是缝线：读它看叙事怎么排，细节（曹毓英密拟、仍书朕字）要回一手源再引。「仍书朕字」与生产者层同问——谕是谁写的。见 xianfeng-01、tongzhi-01。,S二手转述,黄,#/chapter/xianfeng-01,清史纪事本末卷五十,编成叙事层,仍书朕字谕待回实录核对,读者向对照，暂不逐条列出依据,,2026-08-22
QH-L-0044,野史对照,QH-P-000165,两次寿典皆遇兵祸：甲午与甲辰,慈禧办寿只是奢靡旧话。,实录记光绪三十年谕不受徽号、禁绝贡献；甲午六旬庆典因朝鲜事起既举复罢。,掌故记甲辰七旬：奕劻倡率京外官报效二成俸廉、张袁以下无不附和；陕西巡抚升允独奏劾，折留中；两次庆典皆遇兵祸。,寿典是年表：甲午遇甲午战、甲辰遇日俄战。读寿典，读同年的谕（不受徽号）与同年的折（报效/独劾）——谕是门面，折是人心。见 guangxu-01。,S二手转述,黄,#/chapter/guangxu-01,国闻备乘（SRC-052）,寿典层,留中折全文待回档案层,读者向对照，暂不逐条列出依据,,2026-08-22
QH-L-0045,宫中治理,QH-P-000161,六合同春：苏州闺阁与宫中年玩具,宫廷新年只有庄严礼制。,实录不记玩具；道光二十六年立储家法书名缄藏是孝全之子。,掌故记孝全幼随宦苏州，仿世俗乞巧板斲木片排成六合同春四字，以为宫中新年玩具。,宫中年节也有手工层：苏州闺阁的乞巧板，进宫成了新年玩具。读宫规读礼，也读礼里的人从哪儿来。见 xianfeng-01。,S二手转述,黄,#/chapter/xianfeng-01,清稗类钞（SRC-045）,玩具层,乞巧板形制待回器物层,读者向对照，暂不逐条列出依据,,2026-08-22
QH-L-0050,野史对照,QH-P-000055；QH-P-000056；QH-P-000177,杜受田藏拙：官书只到授读,杜受田教皇四子打猎藏拙、遇灾示仁，因此压过皇六子得了密匣。,本纪卷19道光二十九年二月：杜受田仍授皇四子读。实录卷476只宣示立皇四子，不记师生谋策。,晚清笔记（通行指陈康祺《郎潜纪闻》）与影视写成夺嫡教法。,授读是官书。藏拙是未开笔记。已有拒答题 QH-GQ-0073。不得把授读写成已核教法。,X目前不可证,黄,#/chapter/daoguang-04,本纪卷19已开。笔记原文未开。,,《郎潜纪闻》该条原文与最早出处。,对照用。禁止把藏拙写进立储因果。,,2026-09-12
QH-L-0051,野史对照,QH-P-000055,鸦片战争被写成抗战故事,道光朝就是林则徐销烟、三元里抗英、琦善卖国、南京城下之盟一条英雄奸臣线。,本纪写任命、陷城、死事、议款、钤御宝。不写箱数、不写三元里、不写静海寺。邦交志后出才串这些。约本才有香港岛与二千一百万圆。,通俗史与影视把五层并成一层，再加成民族英雄列传。,五层不要并：本纪、始末、邦交志、约本、后出研究。蒋廷黻序与茅海建书目见第一章。,S二手转述,黄,#/chapter/daoguang-01,已开本纪、始末卷一、邦交志、汉文本。,,英方蓝皮书卷次；满汉原档档号。,用来拆抗战故事，不用来写新故事。,,2026-09-12
QH-L-0049,野史对照,QH-P-000058,珍妃井：井名是后起的,珍妃被推入珍妃井，井就在故宫里，游客能看见。,后妃传写「沈于井」，本纪写「殉节宫中」。两句都没有「珍妃井」三字，也不写谁推、哪一天。,馆方说明与影视常写太监推入，并把今地这口井当成现场。,官书动词、还京诏书用语、今地井名是三层。照片只能证明今天有一口被指认的井。,E1单源回查,绿,#/chapter/guangxu-05,#/chapter/guangxu-09；Commons File:Consort_Zhen_Well.jpg,今地解说容易盖过官书措辞,馆方说明所据档号；崔玉贵供词最早出处,对照用。不得把今地井名写进本纪。,QH-CF-GX-ZHENFEI-DEATH,2026-09-12
QH-L-0046,罕读史料,QH-P-000051；QH-P-000052,满文老档不是《太祖实录》的另一个名字,清初史都在实录里，满文只是翻译。,QH-W-065 登记：满文老档是天命至崇德日录，早于实录；通行可见多为乾隆重抄本。,常把《满洲实录》图说、汉文实录、老档三层合成一本。,三层：原档/重抄、三体图说、汉文实录。本库只登记入口，未拆老档条次。,U待核,黄,QH-W-065,只转写 imperial-works 已有登记，不新造册数。,满文；重抄本与原档易混,册数；哪一段能公开核到影印页,可作满文门类导读。不得写成已经开卷。,,2026-09-12
QH-L-0047,罕读史料,QH-P-000001；QH-P-000002,起居注出版本还不是逐日原文,起居注已经出版，所以口谕、咸安宫都能对上第二天。,QH-W-056/057：中华书局出版本是替代层；逐日原文尚未列到可回查位置，不拆主张。,把出版说明页当成已经核对过的日记。,有书名≠已开条。咸安宫最早出处、继位日对读都还挂在这一层。,S二手转述,黄,QH-W-056,照录 imperial-works 备注。,出版本卷帙大，本库未拆,哪一日条可以合法引用到页,对照栏用。不得用出版本冒充实录第二来源。,,2026-09-12
QH-L-0048,野史对照,QH-P-000058；QH-P-000165,照片能证明长相，不能证明下毒,光绪常服照、慈禧便服照一出，死因故事就坐实了。,QH-V-E11B 是历史照片；砷中毒是现代检测层；下毒者未知。,用照片表情或慈禧神态倒推投毒。,图像性质与死因主张必须分栏。照片权利绿，不等于主张已采纳。,S二手转述,绿,#/image/QH-V-E11B,已有画像行与 disputes 光绪条。,,检测报告原文页；下毒者本库拒答,野史栏对照。不得把照片写成凶器。,,2026-09-12
