question_id,类别,问题,期望行为,绑定ID,可公开答案,拒答说明,路由,证据状态
QH-GQ-0100,事实查询,道光哪一年即位？哪一年改元？,返回答案,QH-A-DG-0001,本纪卷17：嘉庆二十五年八月庚戌即皇帝位于太和殿，以明年为道光元年。即位在1820，道光纪年从1821年起。,,#/chapter/daoguang-01,E1单源回查
QH-GQ-0101,事实查询,《南京条约》本纪写到哪一步？条款从哪里读？,返回答案,QH-A-DG-0002；QH-A-DG-0009；QH-A-DG-0035；QH-A-DG-0036,本纪只到议款钤御宝与五口通商。香港一岛、二千一百万圆在汉文本。本纪不写割让与赔款。,,#/chapter/daoguang-01,S二手转述
QH-GQ-0102,版本冲突,许乃济弛禁是哪一年？,并陈冲突,QH-A-DG-0027；QH-SU-DG-QSG-0154A,邦交志写十六年奏请弛禁「已报可」；本纪十八年九月己酉才写请弛禁、命休致。两层并存，不压成一年。,,#/chapter/daoguang-01,C来源冲突
QH-GQ-0103,事实查询,世表里道光有没有第四子这一行？,返回答案,QH-A-DG-0033；QH-P-000056,卷165宣宗系没有第四子行。缺号的是文宗奕詝。不能读成道光没有第四子。,,#/chapter/daoguang-05,S二手转述
QH-GQ-0104,版本冲突,宣宗第八子世表和后妃传用名一样吗？,并陈冲突,QH-A-DG-0034；QH-CF-DG-YIZHI-NAME,世表作奕詒。后妃传庄顺条作奕詥。不择一。,,#/chapter/daoguang-05,C来源冲突
QH-GQ-0105,事实查询,道光葬在哪？慕陵是怎么来的？,返回答案,QH-A-DG-0029；QH-A-DG-0031；QH-A-DG-0025,本纪：咸丰二年二月壬子葬慕陵。后妃传：孝穆自王佐村、宝华峪（地宫浸水）再移龙泉峪，于此起慕陵。十一年本纪赐名龙泉峪。,,#/chapter/daoguang-06,S二手转述
QH-GQ-0106,事实查询,承德继位的太后懿旨是野史吗？,返回答案,QH-A-DG-0037,不是。实录卷一癸未条录懿旨全文。本纪卷17同方向节引。私记层是另一些未开笔记。,,#/chapter/daoguang-04,E1单源回查
QH-GQ-0107,无证据拒答,杜受田教奕詝藏拙示仁，已经用档案证实了吗？,拒绝作答,QH-A-DG-0030；QH-GQ-0073,,本纪只到「受田仍授皇四子读」。藏拙说未开笔记原文，不能写成已核教法。,#/chapter/daoguang-04,X目前不可证
QH-GQ-0108,无证据拒答,满文上谕档里禁烟朱批的档号是多少？,拒绝作答,,,本库只登记已刊入口，不编造档号。请改问本纪禁烟谕令链，或看第七章入口。,#/chapter/daoguang-07,X目前不可证
QH-GQ-0109,无证据拒答,三元里、静海寺已经用原档核过了吗？,拒绝作答,QH-SU-DG-QSG-0154A,,这两处只在后出邦交志。本纪未写。不得写成已核现场。,#/chapter/daoguang-01,X目前不可证
QH-GQ-DG-NET-01,事实查询,道光朝杜受田是不是教皇帝夺嫡的师傅？,拒绝作答,QH-A-DG-0030,,官书只到授皇四子读。藏拙夺嫡是笔记层，未开。,#/chapter/daoguang-08,X目前不可证
