source_unit_id,reign,source_entity_id,史料名,卷次,原纪年,网页公历标示,当日条次,直接记录网址,stable_locator,数字底本说明,证据等级,说明
QH-SU-DG-QSG-0017B,daoguang,SRC-025,清史稿,卷17,乾隆四十七年八月初十日,1782,本纪条,https://zh.wikisource.org/wiki/清史稿/卷17,,维基文库《清史稿》卷17宣宗本纪一。后出本纪，不作终审。,后出,生上於擷芳殿。仁宗次子。母孝淑睿皇后。
QH-SU-DG-QSG-0017C,daoguang,SRC-025,清史稿,卷17,嘉庆四年四月戊戌,1799,本纪条,https://zh.wikisource.org/wiki/清史稿/卷17,,维基文库标点排印。后出本纪，不作终审。,后出,仁宗遵建储家法，亲书上名，缄藏鐍匣。
QH-SU-DG-QSG-0017D,daoguang,SRC-025,清史稿,卷17,嘉庆二十五年七月己卯至癸未,1820,本纪条,https://zh.wikisource.org/wiki/清史稿/卷17,,维基文库标点排印。后出本纪，不作终审。,后出,承德公启鐍匣；癸未节引太后懿旨并进呈硃谕。与实录卷一对读，文字有异。
QH-SU-DG-QSG-0017E,daoguang,SRC-025,清史稿,卷17,嘉庆二十五年九月庚申,1820,本纪条,https://zh.wikisource.org/wiki/清史稿/卷17,,维基文库标点排印。后出本纪，不作终审。,后出,拟遗诏错误，罢托津、戴均元军机。错误原文未开。
QH-SU-DG-QSG-0017F,daoguang,SRC-025,清史稿,卷17,道光八年九月,1828,本纪条,https://zh.wikisource.org/wiki/清史稿/卷17,,维基文库标点排印。后出本纪，不作终审。,后出,宝华峪工程不慎，英和、戴均元褫职下狱籍家。
QH-SU-DG-QSG-0018E,daoguang,SRC-025,清史稿,卷18,道光十一年二月,1831,本纪条,https://zh.wikisource.org/wiki/清史稿/卷18,,维基文库《清史稿》卷18宣宗本纪二。后出本纪，不作终审。,后出,申禁各省种鬻鸦片；阅视万年吉地，赐名龙泉峪。两事同月，不并成一件。
QH-SU-DG-QSG-0018F,daoguang,SRC-025,清史稿,卷18,道光十八年闰四月丙子,1838,本纪条,https://zh.wikisource.org/wiki/清史稿/卷18,,维基文库标点排印。后出本纪，不作终审。,后出,黄爵滋奏请将内地吸食鸦片者俱罪死，命各省将军督抚各抒所见议奏。
QH-SU-DG-QSG-0018G,daoguang,SRC-025,清史稿,卷18,道光十八年九月己酉,1838,本纪条,https://zh.wikisource.org/wiki/清史稿/卷18,,维基文库标点排印。后出本纪，不作终审。,后出,许乃济请弛鸦片禁，命休致。休致不是十六年原奏的日期。
QH-SU-DG-QSG-0019D,daoguang,SRC-025,清史稿,卷19,道光三十年正月至咸丰二年二月壬子,1850,本纪条,https://zh.wikisource.org/wiki/清史稿/卷19,,维基文库《清史稿》卷19宣宗本纪三。后出本纪，不作终审。,后出,崩于圆明园慎德堂苫次；硃谕封皇六子为亲王；咸丰二年二月壬子葬慕陵。
QH-SU-DG-QSG-0019E,daoguang,SRC-025,清史稿,卷19,道光二十九年二月,1849,本纪条,https://zh.wikisource.org/wiki/清史稿/卷19,,维基文库标点排印。此本作祈俊藻。后出本纪，不作终审。,后出,杜受田仍授皇四子读。官书只到授读。
QH-SU-DG-QSG-0214A,daoguang,SRC-025,清史稿,卷214,嘉庆元年至咸丰初,1820,后妃传宣宗孝穆条,https://zh.wikisource.org/wiki/清史稿/卷214,,维基文库《清史稿》卷214后妃传。后出，不作终审。,后出,孝穆追册；王佐村、宝华峪、龙泉峪，于此起慕陵。
QH-SU-DG-QSG-0214B,daoguang,SRC-025,清史稿,卷214,道光十一年至二十年,1831,后妃传宣宗孝全条,https://zh.wikisource.org/wiki/清史稿/卷214,,维基文库标点排印。后出，不作终审。,后出,全嫔至皇后时态；十一年六月己丑文宗生；二十年正月壬寅崩。
QH-SU-DG-QSG-0214C,daoguang,SRC-025,清史稿,卷214,咸丰五年,1855,后妃传宣宗孝静条,https://zh.wikisource.org/wiki/清史稿/卷214,,维基文库标点排印。后出，不作终审。,后出,孝静追上皇后谥，不系宣宗谥，不祔庙；慕东陵；子奕纲、奕继、皇六子。
QH-SU-DG-QSG-0165A,daoguang,SRC-025,清史稿,卷165,宣宗系,1850,皇子世表宣宗系,https://zh.wikisource.org/wiki/清史稿/卷165,,维基文库《清史稿》卷165。后出世表，不是玉牒。,后出,入序缺第四子；第八子作奕詒。表序不是自然序。
QH-SU-DG-QSG-0166A,daoguang,SRC-025,清史稿,卷166,宣宗系,1820,公主表宣宗十女,https://zh.wikisource.org/wiki/清史稿/卷166,,维基文库《清史稿》卷166。后出公主表，不是玉牒。,后出,宣宗十女。额驸异写照录。第九女光绪七年进封固伦，不是追进。
QH-SU-DG-QSG-0154A,daoguang,SRC-025,清史稿,卷154,道光十六年至二十二年,1836,邦交志英吉利道光段,https://zh.wikisource.org/wiki/清史稿/卷154,,维基文库《清史稿》卷154邦交志。后出志，比本纪叙事更满，不作战报或约本。,后出,许乃济弛禁已报可；箱数二万二百八十三；画诺于静海寺，是为白门条约。不升格为本纪已核现场。
QH-SU-DG-NJTY-0001A,daoguang,SRC-080,南京条约,汉文本,道光二十二年七月二十四日,1842,约文,https://zh.wikisource.org/wiki/南京條約,,维基文库公有领域汉文本。题记称出自《海关中外条约》卷1与《道光条约》卷1。不是原件，不作条款终审。,同时代·官方,五口；香港一岛常远据守主掌；以上三条酌定银数共二千一百万圆；江宁英船钤关防。
QH-SU-DG-XZSL-0001C,daoguang,SRC-031,宣宗成皇帝实录,卷一,乾隆辛亥至嘉庆朝,1791,卷端,https://zh.wikisource.org/wiki/清實錄/宣宗成皇帝實錄/卷一,,维基文库标点排印。官修编年层。转引高宗诗，不是已开御制诗集。,同时代·官方,威逊格尔获鹿；高宗诗幼孙中鹿赐花翎、所喜争先早二龄；养正书屋诗文集四十卷；主敬存诚勤学改过四箴。
QH-SU-DG-XZSL-0001D,daoguang,SRC-031,宣宗成皇帝实录,卷一,嘉庆二十五年七月癸未,1820,癸未懿旨条,https://zh.wikisource.org/wiki/清實錄/宣宗成皇帝實錄/卷一,,维基文库标点排印。官修编年层。不是私记。,同时代·官方,太后懿旨令即正尊位；覆奏进呈鐍匣所藏皇父朱谕。
QH-SU-DG-QSG-0086A,daoguang,SRC-025,清史稿,卷86,谒陵,,志文,https://zh.wikisource.org/wiki/清史稿/卷86,,维基文库《清史稿》卷86礼五谒陵。后出志，不作终审。,后出,慕陵入东西陵名单；咸丰五年孝贞谒慕陵。
